emergency_id,location_id,severity,people_affected,time_reported
EMG_0001,LOC_0086,LOW,424,2026-07-12 17:20:07
EMG_0002,LOC_0013,HIGH,209,2026-03-24 03:44:14
EMG_0003,LOC_0023,LOW,486,2026-05-05 08:23:42
EMG_0004,LOC_0322,LOW,4,2026-05-25 10:10:47
EMG_0005,LOC_0243,LOW,337,2025-10-30 08:59:39
EMG_0006,LOC_0014,HIGH,184,2026-01-27 21:23:55
EMG_0007,LOC_0056,LOW,25,2026-05-09 11:07:16
EMG_0008,LOC_0382,CRITICAL,342,2026-03-30 15:26:59
EMG_0009,LOC_0104,HIGH,106,2025-12-02 17:17:48
EMG_0010,LOC_0386,MEDIUM,272,2026-09-23 00:07:33
EMG_0011,LOC_0310,HIGH,228,2026-02-01 23:01:23
EMG_0012,LOC_0014,HIGH,279,2026-05-17 04:09:49
EMG_0013,LOC_0198,MEDIUM,430,2025-10-10 22:35:04
EMG_0014,LOC_0386,CRITICAL,193,2025-11-09 23:34:02
EMG_0015,LOC_0433,MEDIUM,131,2026-04-05 14:04:14
EMG_0016,LOC_0491,CRITICAL,153,2026-05-13 23:23:47
EMG_0017,LOC_0170,MEDIUM,348,2025-12-29 08:19:55
EMG_0018,LOC_0227,HIGH,329,2026-05-07 00:45:14
EMG_0019,LOC_0068,CRITICAL,47,2026-05-26 21:09:27
EMG_0020,LOC_0169,MEDIUM,463,2026-04-16 07:35:44
EMG_0021,LOC_0086,CRITICAL,476,2026-06-13 06:08:05
EMG_0022,LOC_0449,MEDIUM,216,2026-07-23 06:25:32
EMG_0023,LOC_0494,CRITICAL,266,2026-08-09 07:32:15
EMG_0024,LOC_0054,CRITICAL,234,2026-08-29 08:05:09
EMG_0025,LOC_0189,LOW,118,2026-05-23 13:10:55
EMG_0026,LOC_0437,LOW,73,2026-04-28 21:23:47
EMG_0027,LOC_0430,MEDIUM,206,2025-10-25 21:13:16
EMG_0028,LOC_0407,LOW,430,2026-06-04 04:52:33
EMG_0029,LOC_0471,MEDIUM,444,2026-07-05 14:40:54
EMG_0030,LOC_0485,CRITICAL,268,2025-10-14 07:20:07
EMG_0031,LOC_0193,LOW,208,2026-04-08 18:08:54
EMG_0032,LOC_0061,LOW,382,2026-06-24 01:53:16
EMG_0033,LOC_0163,HIGH,41,2026-09-15 19:32:41
EMG_0034,LOC_0298,HIGH,218,2025-12-06 22:12:37
EMG_0035,LOC_0435,MEDIUM,4,2026-03-05 00:19:45
EMG_0036,LOC_0346,CRITICAL,415,2026-04-12 07:39:05
EMG_0037,LOC_0221,HIGH,358,2026-03-08 15:05:17
EMG_0038,LOC_0488,MEDIUM,147,2025-12-09 09:47:05
EMG_0039,LOC_0314,MEDIUM,63,2025-12-16 16:52:12
EMG_0040,LOC_0236,MEDIUM,28,2025-12-28 07:22:59
EMG_0041,LOC_0173,MEDIUM,76,2025-10-10 11:31:13
EMG_0042,LOC_0463,HIGH,437,2026-06-23 18:34:31
EMG_0043,LOC_0247,MEDIUM,236,2026-06-09 15:03:05
EMG_0044,LOC_0204,LOW,334,2026-02-08 19:34:27
EMG_0045,LOC_0447,HIGH,301,2025-12-23 15:29:06
EMG_0046,LOC_0416,LOW,411,2026-09-29 22:48:59
EMG_0047,LOC_0288,MEDIUM,32,2026-10-03 20:15:16
EMG_0048,LOC_0040,MEDIUM,475,2026-09-20 20:46:56
EMG_0049,LOC_0004,HIGH,129,2026-01-21 06:06:50
EMG_0050,LOC_0311,LOW,285,2026-07-25 19:46:44
EMG_0051,LOC_0360,CRITICAL,98,2026-03-25 00:07:17
EMG_0052,LOC_0254,CRITICAL,275,2025-10-06 00:36:33
EMG_0053,LOC_0228,LOW,325,2025-11-10 23:04:13
EMG_0054,LOC_0421,HIGH,138,2026-09-08 13:45:47
EMG_0055,LOC_0055,LOW,436,2026-09-10 18:43:28
EMG_0056,LOC_0264,MEDIUM,250,2025-11-14 15:51:25
EMG_0057,LOC_0183,LOW,202,2026-09-03 09:24:19
EMG_0058,LOC_0456,LOW,368,2025-11-27 04:38:23
EMG_0059,LOC_0101,CRITICAL,8,2025-11-07 13:23:54
EMG_0060,LOC_0207,MEDIUM,310,2026-07-09 02:05:40
EMG_0061,LOC_0416,HIGH,458,2026-01-30 03:38:07
EMG_0062,LOC_0400,LOW,288,2026-01-19 10:41:09
EMG_0063,LOC_0482,HIGH,301,2025-11-01 17:02:42
EMG_0064,LOC_0070,HIGH,385,2026-03-26 02:08:50
EMG_0065,LOC_0207,HIGH,413,2026-02-08 08:05:38
EMG_0066,LOC_0044,LOW,132,2025-10-09 20:12:21
EMG_0067,LOC_0193,LOW,204,2025-11-29 15:29:27
EMG_0068,LOC_0237,LOW,113,2025-11-24 11:33:27
EMG_0069,LOC_0498,HIGH,109,2026-06-16 23:29:01
EMG_0070,LOC_0454,LOW,13,2026-09-14 05:56:57
EMG_0071,LOC_0233,CRITICAL,441,2026-09-23 09:37:17
EMG_0072,LOC_0442,HIGH,36,2026-05-31 21:52:29
EMG_0073,LOC_0094,CRITICAL,462,2025-12-09 16:47:06
EMG_0074,LOC_0317,MEDIUM,250,2026-09-01 00:30:39
EMG_0075,LOC_0140,MEDIUM,279,2026-02-17 08:28:40
EMG_0076,LOC_0432,HIGH,417,2026-06-06 23:57:47
EMG_0077,LOC_0462,MEDIUM,272,2026-08-04 05:58:37
EMG_0078,LOC_0378,MEDIUM,431,2026-03-08 01:37:27
EMG_0079,LOC_0144,LOW,378,2026-03-26 14:40:55
EMG_0080,LOC_0429,CRITICAL,377,2026-09-03 08:59:34
EMG_0081,LOC_0144,HIGH,452,2026-08-07 09:07:09
EMG_0082,LOC_0264,MEDIUM,39,2026-03-08 16:03:24
EMG_0083,LOC_0212,CRITICAL,284,2026-06-09 20:28:46
EMG_0084,LOC_0211,MEDIUM,411,2025-12-05 03:10:02
EMG_0085,LOC_0347,LOW,114,2025-11-19 06:00:11
EMG_0086,LOC_0369,CRITICAL,347,2026-08-26 18:16:31
EMG_0087,LOC_0382,LOW,201,2026-04-01 19:26:48
EMG_0088,LOC_0466,MEDIUM,326,2026-04-19 18:32:51
EMG_0089,LOC_0193,HIGH,493,2026-04-10 09:15:16
EMG_0090,LOC_0442,CRITICAL,261,2026-05-01 14:52:23
EMG_0091,LOC_0053,MEDIUM,431,2026-05-25 01:40:48
EMG_0092,LOC_0159,HIGH,419,2025-12-22 15:08:20
EMG_0093,LOC_0216,MEDIUM,458,2025-12-14 11:01:54
EMG_0094,LOC_0275,CRITICAL,52,2026-06-05 16:02:44
EMG_0095,LOC_0032,CRITICAL,32,2025-10-31 09:24:53
EMG_0096,LOC_0482,MEDIUM,116,2026-05-15 01:58:37
EMG_0097,LOC_0181,LOW,477,2026-09-09 07:53:16
EMG_0098,LOC_0424,CRITICAL,184,2026-05-11 22:34:18
EMG_0099,LOC_0481,HIGH,234,2026-08-26 09:15:54
EMG_0100,LOC_0355,MEDIUM,109,2026-06-09 19:30:44
EMG_0101,LOC_0483,HIGH,155,2026-03-27 14:05:57
EMG_0102,LOC_0331,LOW,402,2025-11-22 10:44:01
EMG_0103,LOC_0365,MEDIUM,26,2026-02-28 16:19:29
EMG_0104,LOC_0459,HIGH,101,2026-08-17 16:52:15
EMG_0105,LOC_0180,LOW,367,2026-08-09 16:06:36
EMG_0106,LOC_0496,LOW,162,2026-09-29 05:08:05
EMG_0107,LOC_0276,LOW,101,2026-06-08 12:19:11
EMG_0108,LOC_0272,CRITICAL,3,2026-09-25 21:16:46
EMG_0109,LOC_0460,HIGH,39,2026-09-27 20:09:10
EMG_0110,LOC_0297,MEDIUM,275,2026-02-14 05:00:10
EMG_0111,LOC_0457,CRITICAL,492,2026-06-22 21:09:37
EMG_0112,LOC_0301,LOW,294,2026-03-08 20:14:39
EMG_0113,LOC_0220,MEDIUM,196,2026-04-21 08:53:25
EMG_0114,LOC_0095,CRITICAL,274,2026-05-14 00:16:37
EMG_0115,LOC_0205,HIGH,252,2026-03-14 04:53:49
EMG_0116,LOC_0359,MEDIUM,155,2026-05-19 02:37:19
EMG_0117,LOC_0338,CRITICAL,64,2026-10-02 10:23:56
EMG_0118,LOC_0261,MEDIUM,267,2026-02-03 17:43:25
EMG_0119,LOC_0204,MEDIUM,70,2026-09-18 08:56:01
EMG_0120,LOC_0075,LOW,14,2026-02-01 02:11:22
EMG_0121,LOC_0343,LOW,257,2026-03-27 15:50:39
EMG_0122,LOC_0446,HIGH,115,2025-10-18 06:13:42
EMG_0123,LOC_0313,CRITICAL,447,2026-03-03 21:29:39
EMG_0124,LOC_0256,HIGH,309,2026-04-02 08:00:31
EMG_0125,LOC_0408,CRITICAL,376,2026-09-10 13:07:37
EMG_0126,LOC_0302,HIGH,390,2026-08-25 22:55:35
EMG_0127,LOC_0488,HIGH,295,2026-03-05 03:31:19
EMG_0128,LOC_0211,LOW,134,2026-09-17 00:28:03
EMG_0129,LOC_0106,MEDIUM,47,2025-12-21 10:00:41
EMG_0130,LOC_0400,HIGH,33,2025-10-09 00:36:49
EMG_0131,LOC_0443,MEDIUM,426,2026-03-19 23:03:11
EMG_0132,LOC_0254,CRITICAL,136,2026-10-01 08:13:20
EMG_0133,LOC_0456,LOW,348,2026-01-27 02:10:04
EMG_0134,LOC_0368,CRITICAL,394,2025-12-17 23:53:22
EMG_0135,LOC_0224,HIGH,329,2026-05-11 22:37:55
EMG_0136,LOC_0012,CRITICAL,77,2026-07-07 17:30:25
EMG_0137,LOC_0315,MEDIUM,393,2026-10-03 13:29:48
EMG_0138,LOC_0218,HIGH,378,2025-12-29 12:04:36
EMG_0139,LOC_0405,HIGH,69,2026-03-26 10:04:46
EMG_0140,LOC_0451,HIGH,152,2026-04-27 23:09:44
EMG_0141,LOC_0500,LOW,426,2026-07-21 16:01:50
EMG_0142,LOC_0341,HIGH,59,2026-04-23 22:03:55
EMG_0143,LOC_0396,HIGH,318,2026-03-30 03:50:13
EMG_0144,LOC_0315,LOW,58,2026-10-03 10:08:29
EMG_0145,LOC_0480,CRITICAL,238,2026-03-08 01:17:11
EMG_0146,LOC_0368,CRITICAL,104,2026-09-05 22:45:18
EMG_0147,LOC_0002,HIGH,81,2026-01-26 11:56:23
EMG_0148,LOC_0487,MEDIUM,16,2025-11-25 20:47:07
EMG_0149,LOC_0237,MEDIUM,129,2025-11-12 12:19:03
EMG_0150,LOC_0432,LOW,21,2026-05-20 04:02:49
EMG_0151,LOC_0386,CRITICAL,442,2026-01-31 11:48:02
EMG_0152,LOC_0105,MEDIUM,277,2026-08-05 22:11:31
EMG_0153,LOC_0277,HIGH,206,2026-09-05 05:36:50
EMG_0154,LOC_0062,MEDIUM,398,2026-04-25 21:10:53
EMG_0155,LOC_0467,HIGH,275,2026-04-04 15:25:31
EMG_0156,LOC_0250,HIGH,6,2025-12-18 14:34:47
EMG_0157,LOC_0397,CRITICAL,489,2026-03-27 15:50:11
EMG_0158,LOC_0432,CRITICAL,136,2026-01-11 03:15:13
EMG_0159,LOC_0394,MEDIUM,452,2026-01-31 15:12:08
EMG_0160,LOC_0176,LOW,468,2026-01-13 03:43:10
EMG_0161,LOC_0463,MEDIUM,88,2026-02-17 04:53:30
EMG_0162,LOC_0386,LOW,35,2026-09-15 01:27:27
EMG_0163,LOC_0376,LOW,375,2026-04-13 00:31:52
EMG_0164,LOC_0358,CRITICAL,84,2026-04-20 18:07:28
EMG_0165,LOC_0353,HIGH,247,2025-10-06 11:59:04
EMG_0166,LOC_0437,LOW,383,2026-08-01 12:47:17
EMG_0167,LOC_0405,CRITICAL,195,2025-12-24 04:24:03
EMG_0168,LOC_0256,LOW,290,2026-05-21 05:16:11
EMG_0169,LOC_0210,CRITICAL,373,2025-12-13 00:07:47
EMG_0170,LOC_0251,LOW,310,2026-04-10 13:12:20
EMG_0171,LOC_0016,HIGH,200,2025-12-23 14:42:39
EMG_0172,LOC_0429,LOW,221,2026-03-26 00:16:49
EMG_0173,LOC_0238,CRITICAL,132,2025-11-18 23:08:01
EMG_0174,LOC_0343,LOW,345,2025-12-14 08:08:32
EMG_0175,LOC_0198,CRITICAL,29,2025-11-15 13:05:46
EMG_0176,LOC_0175,LOW,241,2026-06-15 00:06:30
EMG_0177,LOC_0255,CRITICAL,245,2026-09-09 18:46:06
EMG_0178,LOC_0384,LOW,251,2026-03-20 17:29:01
EMG_0179,LOC_0388,CRITICAL,47,2025-12-11 08:39:58
EMG_0180,LOC_0245,HIGH,420,2026-02-07 15:35:49
EMG_0181,LOC_0393,CRITICAL,405,2026-04-07 14:24:20
EMG_0182,LOC_0158,LOW,480,2026-03-12 23:06:47
EMG_0183,LOC_0164,HIGH,499,2026-06-01 04:15:14
EMG_0184,LOC_0363,CRITICAL,241,2025-11-23 23:43:34
EMG_0185,LOC_0060,LOW,250,2026-10-03 09:59:23
EMG_0186,LOC_0045,MEDIUM,308,2026-05-03 02:54:29
EMG_0187,LOC_0286,LOW,111,2026-08-21 14:39:41
EMG_0188,LOC_0254,HIGH,337,2025-10-16 02:15:28
EMG_0189,LOC_0461,LOW,144,2025-10-16 04:01:31
EMG_0190,LOC_0408,MEDIUM,361,2026-02-19 10:08:44
EMG_0191,LOC_0372,MEDIUM,431,2026-03-07 19:39:38
EMG_0192,LOC_0064,MEDIUM,90,2026-04-24 17:29:04
EMG_0193,LOC_0206,HIGH,5,2025-11-06 08:42:32
EMG_0194,LOC_0434,HIGH,312,2025-11-03 07:51:03
EMG_0195,LOC_0386,LOW,298,2025-11-12 20:15:23
EMG_0196,LOC_0183,HIGH,414,2026-02-18 05:01:53
EMG_0197,LOC_0278,CRITICAL,144,2026-02-01 23:45:50
EMG_0198,LOC_0157,HIGH,328,2026-04-10 19:11:23
EMG_0199,LOC_0130,CRITICAL,260,2026-07-24 16:13:11
EMG_0200,LOC_0467,MEDIUM,255,2026-10-04 10:41:08
EMG_0201,LOC_0376,LOW,500,2026-09-21 19:39:45
EMG_0202,LOC_0057,HIGH,141,2026-02-05 09:27:14
EMG_0203,LOC_0438,CRITICAL,235,2025-10-20 06:51:25
EMG_0204,LOC_0110,MEDIUM,17,2026-03-30 05:08:24
EMG_0205,LOC_0059,HIGH,154,2026-06-07 23:33:21
EMG_0206,LOC_0232,MEDIUM,171,2025-11-25 02:37:29
EMG_0207,LOC_0265,HIGH,10,2026-01-17 08:00:17
EMG_0208,LOC_0478,CRITICAL,305,2026-08-13 07:00:50
EMG_0209,LOC_0308,HIGH,200,2025-10-27 15:11:43
EMG_0210,LOC_0294,CRITICAL,79,2026-03-22 04:21:37
EMG_0211,LOC_0297,LOW,418,2026-08-25 15:40:28
EMG_0212,LOC_0165,CRITICAL,318,2026-02-17 12:09:36
EMG_0213,LOC_0156,LOW,432,2025-11-18 20:54:42
EMG_0214,LOC_0215,HIGH,379,2026-02-26 03:51:23
EMG_0215,LOC_0157,MEDIUM,241,2026-08-15 17:37:21
EMG_0216,LOC_0435,HIGH,399,2026-06-19 03:51:08
EMG_0217,LOC_0414,HIGH,470,2026-01-22 04:15:52
EMG_0218,LOC_0449,CRITICAL,23,2026-06-21 21:41:26
EMG_0219,LOC_0263,MEDIUM,339,2026-04-04 14:23:20
EMG_0220,LOC_0394,CRITICAL,111,2025-10-20 15:13:23
EMG_0221,LOC_0358,LOW,139,2026-08-15 05:35:10
EMG_0222,LOC_0438,LOW,100,2025-12-06 20:37:17
EMG_0223,LOC_0292,MEDIUM,293,2026-02-16 02:00:50
EMG_0224,LOC_0238,MEDIUM,358,2026-08-16 07:54:10
EMG_0225,LOC_0324,LOW,456,2026-05-12 08:07:17
EMG_0226,LOC_0472,CRITICAL,318,2026-09-23 01:30:25
EMG_0227,LOC_0248,LOW,55,2026-07-21 02:10:58
EMG_0228,LOC_0441,HIGH,186,2025-11-10 11:03:33
EMG_0229,LOC_0404,LOW,192,2026-02-10 10:43:28
EMG_0230,LOC_0427,LOW,209,2026-07-27 19:55:47
EMG_0231,LOC_0009,MEDIUM,143,2025-10-26 10:28:24
EMG_0232,LOC_0456,HIGH,245,2026-06-23 12:57:47
EMG_0233,LOC_0120,CRITICAL,46,2025-11-15 12:49:03
EMG_0234,LOC_0085,HIGH,432,2026-06-16 15:25:36
EMG_0235,LOC_0072,MEDIUM,474,2026-07-08 22:23:59
EMG_0236,LOC_0413,CRITICAL,33,2026-01-18 18:37:06
EMG_0237,LOC_0486,HIGH,449,2026-09-30 08:19:45
EMG_0238,LOC_0391,CRITICAL,65,2026-02-27 18:14:30
EMG_0239,LOC_0163,CRITICAL,164,2026-01-23 22:55:18
EMG_0240,LOC_0018,MEDIUM,403,2026-03-27 06:25:53
EMG_0241,LOC_0123,CRITICAL,63,2026-01-24 20:06:04
EMG_0242,LOC_0436,HIGH,424,2025-10-27 13:30:09
EMG_0243,LOC_0310,MEDIUM,58,2025-11-03 11:25:39
EMG_0244,LOC_0042,CRITICAL,137,2025-12-17 13:25:02
EMG_0245,LOC_0165,MEDIUM,304,2026-01-26 02:54:46
EMG_0246,LOC_0318,MEDIUM,117,2025-11-26 19:39:48
EMG_0247,LOC_0278,LOW,31,2026-04-25 09:09:21
EMG_0248,LOC_0233,CRITICAL,397,2026-01-08 03:12:23
EMG_0249,LOC_0198,CRITICAL,152,2025-12-16 19:55:28
EMG_0250,LOC_0297,HIGH,172,2025-11-30 11:28:47
EMG_0251,LOC_0022,MEDIUM,276,2026-01-05 00:26:53
EMG_0252,LOC_0394,CRITICAL,450,2025-12-01 08:24:58
EMG_0253,LOC_0428,LOW,236,2026-06-27 01:37:56
EMG_0254,LOC_0255,LOW,4,2025-12-19 05:56:08
EMG_0255,LOC_0146,HIGH,314,2026-04-26 19:37:15
EMG_0256,LOC_0098,MEDIUM,397,2026-06-14 03:35:17
EMG_0257,LOC_0499,CRITICAL,395,2026-03-09 20:13:48
EMG_0258,LOC_0480,LOW,487,2026-09-06 04:44:30
EMG_0259,LOC_0382,HIGH,406,2026-03-31 01:35:21
EMG_0260,LOC_0289,LOW,46,2025-10-26 23:24:17
EMG_0261,LOC_0300,LOW,343,2026-08-13 17:18:57
EMG_0262,LOC_0257,LOW,24,2026-08-08 11:40:58
EMG_0263,LOC_0379,HIGH,392,2026-01-20 02:23:27
EMG_0264,LOC_0045,CRITICAL,459,2026-06-16 00:32:27
EMG_0265,LOC_0430,CRITICAL,202,2026-02-13 22:22:16
EMG_0266,LOC_0149,LOW,500,2025-11-06 17:48:39
EMG_0267,LOC_0402,LOW,361,2026-01-01 04:33:57
EMG_0268,LOC_0182,HIGH,131,2026-09-27 08:04:06
EMG_0269,LOC_0441,CRITICAL,254,2026-07-08 15:35:47
EMG_0270,LOC_0175,HIGH,419,2026-09-04 21:11:25
EMG_0271,LOC_0253,HIGH,253,2026-04-24 05:14:47
EMG_0272,LOC_0029,MEDIUM,379,2026-04-05 03:01:11
EMG_0273,LOC_0217,MEDIUM,74,2026-01-06 20:02:16
EMG_0274,LOC_0058,CRITICAL,100,2026-01-31 14:18:39
EMG_0275,LOC_0321,MEDIUM,340,2026-09-30 01:32:07
EMG_0276,LOC_0178,HIGH,419,2026-01-04 07:03:23
EMG_0277,LOC_0099,LOW,415,2026-03-26 15:23:20
EMG_0278,LOC_0162,CRITICAL,300,2026-06-05 15:37:36
EMG_0279,LOC_0469,MEDIUM,456,2026-04-08 20:21:11
EMG_0280,LOC_0442,HIGH,145,2025-12-01 05:23:19
EMG_0281,LOC_0050,CRITICAL,46,2026-06-12 01:03:27
EMG_0282,LOC_0201,MEDIUM,492,2026-04-07 10:46:51
EMG_0283,LOC_0250,MEDIUM,153,2025-12-02 03:33:21
EMG_0284,LOC_0425,HIGH,122,2025-10-24 11:05:37
EMG_0285,LOC_0058,MEDIUM,360,2026-06-06 02:14:40
EMG_0286,LOC_0136,HIGH,108,2025-10-14 00:48:53
EMG_0287,LOC_0073,CRITICAL,219,2026-02-02 03:39:31
EMG_0288,LOC_0472,CRITICAL,252,2026-02-17 16:30:46
EMG_0289,LOC_0277,CRITICAL,478,2026-08-09 02:04:19
EMG_0290,LOC_0100,MEDIUM,392,2026-01-23 10:11:43
EMG_0291,LOC_0159,HIGH,214,2026-06-14 18:00:29
EMG_0292,LOC_0164,HIGH,210,2025-10-15 19:11:00
EMG_0293,LOC_0489,CRITICAL,228,2025-10-16 05:42:59
EMG_0294,LOC_0408,HIGH,168,2026-09-29 00:05:00
EMG_0295,LOC_0020,CRITICAL,65,2026-05-31 23:34:53
EMG_0296,LOC_0221,MEDIUM,415,2026-03-23 02:45:38
EMG_0297,LOC_0075,MEDIUM,232,2026-03-15 16:35:56
EMG_0298,LOC_0466,CRITICAL,182,2026-08-26 21:49:11
EMG_0299,LOC_0379,CRITICAL,243,2025-10-31 08:33:21
EMG_0300,LOC_0287,MEDIUM,406,2026-03-21 22:39:22
EMG_0301,LOC_0121,CRITICAL,17,2026-06-21 00:21:12
EMG_0302,LOC_0035,CRITICAL,181,2025-10-17 06:23:42
EMG_0303,LOC_0233,LOW,257,2025-12-07 12:17:12
EMG_0304,LOC_0096,LOW,216,2026-03-13 15:53:38
EMG_0305,LOC_0394,HIGH,92,2025-11-21 23:09:35
EMG_0306,LOC_0421,CRITICAL,458,2025-11-07 21:16:22
EMG_0307,LOC_0288,LOW,314,2026-07-21 02:13:06
EMG_0308,LOC_0384,HIGH,235,2026-07-18 15:42:26
EMG_0309,LOC_0312,HIGH,445,2025-11-26 22:31:04
EMG_0310,LOC_0127,CRITICAL,374,2026-08-24 11:04:14
EMG_0311,LOC_0034,LOW,468,2026-05-03 23:47:45
EMG_0312,LOC_0386,MEDIUM,8,2026-01-26 10:13:08
EMG_0313,LOC_0398,MEDIUM,101,2025-12-05 10:31:39
EMG_0314,LOC_0389,MEDIUM,273,2026-09-25 18:58:14
EMG_0315,LOC_0217,LOW,218,2026-04-10 09:12:53
EMG_0316,LOC_0355,HIGH,288,2026-04-02 08:09:27
EMG_0317,LOC_0173,LOW,300,2026-06-27 08:12:35
EMG_0318,LOC_0257,HIGH,312,2026-07-21 12:50:06
EMG_0319,LOC_0342,CRITICAL,323,2026-09-08 23:14:46
EMG_0320,LOC_0045,HIGH,84,2026-08-14 01:18:13
EMG_0321,LOC_0281,CRITICAL,9,2025-11-12 13:17:17
EMG_0322,LOC_0058,HIGH,375,2026-05-31 21:26:37
EMG_0323,LOC_0411,HIGH,285,2026-06-07 19:51:45
EMG_0324,LOC_0389,CRITICAL,173,2026-05-15 10:33:36
EMG_0325,LOC_0050,HIGH,147,2026-08-14 14:47:00
EMG_0326,LOC_0460,CRITICAL,425,2026-02-23 02:45:11
EMG_0327,LOC_0193,LOW,258,2026-04-01 04:37:18
EMG_0328,LOC_0031,LOW,237,2025-11-10 23:31:23
EMG_0329,LOC_0382,LOW,247,2026-02-23 19:59:02
EMG_0330,LOC_0023,CRITICAL,121,2026-03-13 13:52:36
EMG_0331,LOC_0486,CRITICAL,121,2026-02-14 17:12:09
EMG_0332,LOC_0254,LOW,34,2026-06-10 15:51:27
EMG_0333,LOC_0261,MEDIUM,142,2026-02-26 06:00:27
EMG_0334,LOC_0391,CRITICAL,497,2025-12-12 13:40:47
EMG_0335,LOC_0082,HIGH,181,2025-12-02 01:28:18
EMG_0336,LOC_0265,HIGH,115,2025-10-11 01:26:54
EMG_0337,LOC_0172,CRITICAL,320,2026-06-26 09:27:41
EMG_0338,LOC_0357,CRITICAL,198,2026-02-27 14:14:54
EMG_0339,LOC_0339,CRITICAL,397,2026-08-27 16:02:58
EMG_0340,LOC_0011,LOW,383,2026-02-09 16:29:05
EMG_0341,LOC_0219,LOW,192,2026-04-09 11:34:26
EMG_0342,LOC_0108,HIGH,418,2026-06-13 00:43:03
EMG_0343,LOC_0165,CRITICAL,367,2026-01-24 11:41:10
EMG_0344,LOC_0356,HIGH,338,2025-12-20 03:17:40
EMG_0345,LOC_0234,LOW,293,2026-07-10 05:11:54
EMG_0346,LOC_0147,LOW,365,2026-08-08 01:07:40
EMG_0347,LOC_0313,MEDIUM,495,2026-03-23 10:26:42
EMG_0348,LOC_0360,HIGH,232,2026-05-16 02:36:11
EMG_0349,LOC_0118,LOW,261,2026-09-02 06:38:45
EMG_0350,LOC_0296,MEDIUM,395,2026-07-19 15:24:40
EMG_0351,LOC_0108,LOW,356,2026-05-26 05:34:23
EMG_0352,LOC_0048,CRITICAL,164,2026-02-08 10:16:13
EMG_0353,LOC_0077,LOW,459,2025-11-20 11:54:32
EMG_0354,LOC_0307,CRITICAL,89,2026-01-19 20:19:03
EMG_0355,LOC_0323,CRITICAL,359,2025-10-14 20:30:55
EMG_0356,LOC_0320,CRITICAL,432,2026-02-21 02:38:46
EMG_0357,LOC_0358,LOW,445,2026-03-31 16:45:01
EMG_0358,LOC_0160,CRITICAL,402,2025-10-06 05:35:43
EMG_0359,LOC_0284,LOW,318,2026-09-22 20:46:55
EMG_0360,LOC_0430,HIGH,27,2025-10-15 23:12:49
EMG_0361,LOC_0359,HIGH,96,2026-02-14 11:13:28
EMG_0362,LOC_0290,MEDIUM,180,2025-10-13 01:16:04
EMG_0363,LOC_0276,MEDIUM,304,2026-08-31 19:19:45
EMG_0364,LOC_0154,MEDIUM,91,2026-01-01 06:03:57
EMG_0365,LOC_0120,CRITICAL,11,2026-08-31 14:23:23
EMG_0366,LOC_0180,CRITICAL,444,2026-08-02 15:04:23
EMG_0367,LOC_0099,MEDIUM,270,2026-04-08 14:06:30
EMG_0368,LOC_0038,HIGH,198,2026-01-05 02:25:26
EMG_0369,LOC_0358,HIGH,497,2025-12-09 09:07:53
EMG_0370,LOC_0029,LOW,446,2026-08-25 09:31:08
EMG_0371,LOC_0230,MEDIUM,370,2026-09-03 11:36:25
EMG_0372,LOC_0192,CRITICAL,231,2025-11-02 19:29:06
EMG_0373,LOC_0282,LOW,147,2025-11-13 11:24:52
EMG_0374,LOC_0005,MEDIUM,339,2026-01-12 21:37:24
EMG_0375,LOC_0480,LOW,233,2026-02-17 11:43:31
EMG_0376,LOC_0279,MEDIUM,442,2026-04-03 18:24:48
EMG_0377,LOC_0143,CRITICAL,363,2025-11-14 02:35:59
EMG_0378,LOC_0078,LOW,227,2026-07-24 12:16:31
EMG_0379,LOC_0082,HIGH,54,2026-09-12 13:54:33
EMG_0380,LOC_0113,LOW,104,2026-05-08 08:16:57
EMG_0381,LOC_0470,CRITICAL,424,2026-01-21 14:23:15
EMG_0382,LOC_0081,HIGH,262,2026-09-22 18:17:52
EMG_0383,LOC_0099,HIGH,146,2025-11-20 12:19:20
EMG_0384,LOC_0001,HIGH,452,2025-11-26 11:02:18
EMG_0385,LOC_0143,MEDIUM,468,2026-08-27 18:17:53
EMG_0386,LOC_0336,MEDIUM,146,2025-11-05 04:54:19
EMG_0387,LOC_0204,LOW,84,2026-02-26 20:49:55
EMG_0388,LOC_0331,LOW,409,2026-09-13 11:57:19
EMG_0389,LOC_0381,MEDIUM,14,2026-02-05 11:46:59
EMG_0390,LOC_0024,LOW,414,2026-09-02 09:13:32
EMG_0391,LOC_0146,MEDIUM,231,2026-07-16 00:50:29
EMG_0392,LOC_0221,HIGH,421,2026-01-16 21:14:37
EMG_0393,LOC_0427,HIGH,425,2025-12-20 15:59:30
EMG_0394,LOC_0440,CRITICAL,93,2026-05-16 10:35:49
EMG_0395,LOC_0323,LOW,40,2026-01-21 04:18:46
EMG_0396,LOC_0122,CRITICAL,307,2026-08-29 02:06:25
EMG_0397,LOC_0452,HIGH,6,2026-05-17 01:23:18
EMG_0398,LOC_0308,MEDIUM,356,2025-12-10 09:46:10
EMG_0399,LOC_0299,LOW,288,2026-08-13 12:07:34
EMG_0400,LOC_0219,MEDIUM,253,2025-11-21 18:11:49
EMG_0401,LOC_0271,LOW,55,2026-09-19 07:30:44
EMG_0402,LOC_0021,MEDIUM,23,2026-06-03 20:40:09
EMG_0403,LOC_0133,HIGH,80,2026-03-15 05:56:25
EMG_0404,LOC_0134,MEDIUM,319,2025-10-13 04:09:47
EMG_0405,LOC_0019,MEDIUM,57,2026-07-21 02:34:54
EMG_0406,LOC_0166,CRITICAL,460,2026-07-15 23:30:55
EMG_0407,LOC_0094,CRITICAL,449,2025-11-01 15:18:26
EMG_0408,LOC_0372,HIGH,468,2026-07-24 07:47:08
EMG_0409,LOC_0407,CRITICAL,335,2025-11-01 17:03:40
EMG_0410,LOC_0328,MEDIUM,279,2026-07-09 04:31:17
EMG_0411,LOC_0236,MEDIUM,236,2025-10-05 09:14:29
EMG_0412,LOC_0142,CRITICAL,235,2025-12-29 13:17:55
EMG_0413,LOC_0012,HIGH,163,2026-01-10 07:29:22
EMG_0414,LOC_0011,MEDIUM,97,2026-09-08 15:25:54
EMG_0415,LOC_0479,HIGH,270,2026-02-14 00:25:33
EMG_0416,LOC_0138,LOW,384,2026-08-03 08:06:59
EMG_0417,LOC_0360,LOW,401,2025-10-24 15:28:32
EMG_0418,LOC_0028,MEDIUM,202,2026-09-02 09:18:04
EMG_0419,LOC_0031,HIGH,142,2025-12-08 20:32:18
EMG_0420,LOC_0132,LOW,474,2026-02-09 05:37:16
EMG_0421,LOC_0495,LOW,59,2026-03-30 06:35:25
EMG_0422,LOC_0491,LOW,151,2026-09-25 22:16:04
EMG_0423,LOC_0213,CRITICAL,295,2026-03-24 07:24:41
EMG_0424,LOC_0198,CRITICAL,46,2026-02-08 01:56:30
EMG_0425,LOC_0049,LOW,279,2026-02-15 14:25:49
EMG_0426,LOC_0044,LOW,333,2026-05-08 08:29:41
EMG_0427,LOC_0030,HIGH,223,2025-12-09 03:53:29
EMG_0428,LOC_0062,MEDIUM,69,2025-10-17 05:48:53
EMG_0429,LOC_0498,MEDIUM,393,2026-02-25 02:52:18
EMG_0430,LOC_0070,CRITICAL,56,2026-04-29 15:11:29
EMG_0431,LOC_0276,CRITICAL,425,2026-08-23 20:15:23
EMG_0432,LOC_0063,CRITICAL,56,2026-08-06 15:28:46
EMG_0433,LOC_0229,CRITICAL,147,2026-02-28 12:59:12
EMG_0434,LOC_0119,LOW,286,2025-12-29 23:50:54
EMG_0435,LOC_0046,LOW,13,2026-02-01 19:05:13
EMG_0436,LOC_0209,CRITICAL,413,2025-12-11 13:06:23
EMG_0437,LOC_0077,MEDIUM,165,2025-10-09 17:10:36
EMG_0438,LOC_0476,MEDIUM,277,2025-12-08 09:03:44
EMG_0439,LOC_0112,HIGH,360,2026-05-29 00:50:40
EMG_0440,LOC_0476,HIGH,193,2025-11-17 08:05:21
EMG_0441,LOC_0275,LOW,6,2026-04-25 00:54:35
EMG_0442,LOC_0259,LOW,180,2026-03-01 13:31:27
EMG_0443,LOC_0114,LOW,257,2026-07-05 18:34:16
EMG_0444,LOC_0444,CRITICAL,73,2026-03-21 07:15:54
EMG_0445,LOC_0332,CRITICAL,155,2026-09-05 06:56:32
EMG_0446,LOC_0307,MEDIUM,407,2026-02-07 22:02:16
EMG_0447,LOC_0166,LOW,470,2025-10-16 22:28:49
EMG_0448,LOC_0211,MEDIUM,336,2026-05-05 07:20:11
EMG_0449,LOC_0032,LOW,187,2025-10-25 15:52:55
EMG_0450,LOC_0462,LOW,467,2026-09-23 17:11:02
EMG_0451,LOC_0070,MEDIUM,328,2026-06-30 21:42:23
EMG_0452,LOC_0479,LOW,323,2026-02-16 18:37:09
EMG_0453,LOC_0278,LOW,345,2025-10-13 01:31:17
EMG_0454,LOC_0320,CRITICAL,411,2026-04-29 16:22:44
EMG_0455,LOC_0247,MEDIUM,229,2026-09-08 03:23:20
EMG_0456,LOC_0446,MEDIUM,331,2026-06-27 09:01:45
EMG_0457,LOC_0477,MEDIUM,155,2026-07-14 02:36:23
EMG_0458,LOC_0448,LOW,154,2026-08-26 13:59:16
EMG_0459,LOC_0350,CRITICAL,376,2025-12-12 15:28:21
EMG_0460,LOC_0361,HIGH,398,2026-08-30 03:02:34
EMG_0461,LOC_0320,CRITICAL,494,2026-06-07 22:23:42
EMG_0462,LOC_0031,CRITICAL,183,2026-09-20 01:18:20
EMG_0463,LOC_0452,CRITICAL,313,2026-01-23 11:33:36
EMG_0464,LOC_0195,MEDIUM,458,2026-02-03 03:49:37
EMG_0465,LOC_0481,HIGH,446,2026-03-12 15:09:01
EMG_0466,LOC_0086,LOW,395,2025-10-21 12:20:07
EMG_0467,LOC_0222,LOW,52,2026-05-03 16:01:28
EMG_0468,LOC_0428,HIGH,356,2026-08-06 08:28:13
EMG_0469,LOC_0148,LOW,53,2025-11-24 23:17:24
EMG_0470,LOC_0469,LOW,301,2026-09-26 03:15:05
EMG_0471,LOC_0143,LOW,248,2025-12-07 12:02:17
EMG_0472,LOC_0292,CRITICAL,92,2026-05-25 06:04:38
EMG_0473,LOC_0394,LOW,142,2025-11-11 20:50:36
EMG_0474,LOC_0345,LOW,91,2026-01-13 16:11:34
EMG_0475,LOC_0147,LOW,160,2026-07-17 01:40:15
EMG_0476,LOC_0120,LOW,492,2026-08-26 09:58:08
EMG_0477,LOC_0150,MEDIUM,65,2026-02-16 11:55:32
EMG_0478,LOC_0080,MEDIUM,106,2026-02-23 02:04:23
EMG_0479,LOC_0329,CRITICAL,130,2026-04-01 17:19:44
EMG_0480,LOC_0449,MEDIUM,429,2025-12-07 13:42:06
EMG_0481,LOC_0247,HIGH,382,2025-10-29 09:24:02
EMG_0482,LOC_0141,CRITICAL,201,2025-10-18 12:17:44
EMG_0483,LOC_0153,HIGH,189,2025-11-01 01:09:40
EMG_0484,LOC_0193,HIGH,364,2026-05-07 13:44:26
EMG_0485,LOC_0222,MEDIUM,194,2026-07-03 12:12:30
EMG_0486,LOC_0491,MEDIUM,22,2026-07-25 19:11:58
EMG_0487,LOC_0483,CRITICAL,343,2025-11-25 09:09:02
EMG_0488,LOC_0288,CRITICAL,387,2026-07-01 08:38:26
EMG_0489,LOC_0233,MEDIUM,175,2025-12-28 02:28:09
EMG_0490,LOC_0323,CRITICAL,436,2026-07-01 10:25:40
EMG_0491,LOC_0285,MEDIUM,261,2026-04-22 21:50:57
EMG_0492,LOC_0151,HIGH,79,2025-11-13 16:35:18
EMG_0493,LOC_0440,CRITICAL,325,2026-08-20 01:38:24
EMG_0494,LOC_0125,LOW,467,2026-06-18 22:24:19
EMG_0495,LOC_0303,CRITICAL,361,2026-08-04 00:59:34
EMG_0496,LOC_0389,MEDIUM,166,2026-02-10 16:59:13
EMG_0497,LOC_0367,LOW,309,2026-09-11 08:30:34
EMG_0498,LOC_0321,HIGH,253,2025-12-06 12:58:37
EMG_0499,LOC_0244,LOW,38,2025-12-15 01:49:06
EMG_0500,LOC_0223,LOW,372,2025-11-05 02:36:45
EMG_0501,LOC_0227,CRITICAL,258,2026-04-16 01:26:05
EMG_0502,LOC_0280,MEDIUM,424,2025-10-13 14:19:54
EMG_0503,LOC_0384,LOW,39,2025-11-15 20:30:55
EMG_0504,LOC_0104,MEDIUM,51,2026-08-14 11:51:52
EMG_0505,LOC_0342,MEDIUM,411,2025-12-18 19:31:33
EMG_0506,LOC_0190,CRITICAL,258,2026-07-08 03:33:24
EMG_0507,LOC_0431,HIGH,50,2025-12-25 20:02:15
EMG_0508,LOC_0204,LOW,309,2026-08-22 20:23:53
EMG_0509,LOC_0037,CRITICAL,223,2026-08-29 15:01:40
EMG_0510,LOC_0095,HIGH,218,2026-09-19 04:08:50
EMG_0511,LOC_0427,MEDIUM,248,2026-01-05 06:21:43
EMG_0512,LOC_0367,HIGH,327,2026-07-24 01:57:06
EMG_0513,LOC_0277,HIGH,477,2026-01-14 04:02:40
EMG_0514,LOC_0379,MEDIUM,412,2026-02-19 08:31:08
EMG_0515,LOC_0252,MEDIUM,142,2025-11-19 23:54:31
EMG_0516,LOC_0242,MEDIUM,69,2026-08-16 01:10:29
EMG_0517,LOC_0180,CRITICAL,20,2026-09-23 15:47:55
EMG_0518,LOC_0218,HIGH,376,2026-05-11 20:51:48
EMG_0519,LOC_0266,HIGH,484,2025-12-07 11:13:11
EMG_0520,LOC_0372,CRITICAL,303,2026-01-03 17:54:57
EMG_0521,LOC_0131,MEDIUM,292,2026-07-28 07:33:42
EMG_0522,LOC_0034,HIGH,425,2026-04-23 19:59:30
EMG_0523,LOC_0088,HIGH,44,2025-11-25 13:43:36
EMG_0524,LOC_0342,CRITICAL,212,2025-12-28 22:43:36
EMG_0525,LOC_0067,MEDIUM,413,2026-07-08 14:22:12
EMG_0526,LOC_0170,MEDIUM,394,2026-02-15 04:17:44
EMG_0527,LOC_0453,MEDIUM,9,2026-06-16 20:57:01
EMG_0528,LOC_0353,LOW,294,2026-06-09 09:32:52
EMG_0529,LOC_0048,CRITICAL,436,2026-03-08 07:29:49
EMG_0530,LOC_0231,LOW,104,2026-08-24 23:32:41
EMG_0531,LOC_0391,MEDIUM,241,2026-04-24 04:15:43
EMG_0532,LOC_0488,LOW,233,2025-12-03 07:26:20
EMG_0533,LOC_0252,CRITICAL,313,2026-03-20 11:17:26
EMG_0534,LOC_0251,CRITICAL,486,2026-06-30 00:06:06
EMG_0535,LOC_0335,HIGH,453,2026-04-03 08:25:20
EMG_0536,LOC_0158,HIGH,468,2025-10-14 06:20:17
EMG_0537,LOC_0105,CRITICAL,35,2026-06-13 15:16:45
EMG_0538,LOC_0421,CRITICAL,396,2026-01-18 14:32:16
EMG_0539,LOC_0498,HIGH,374,2026-02-28 13:52:57
EMG_0540,LOC_0051,HIGH,414,2026-09-27 17:15:10
EMG_0541,LOC_0145,LOW,154,2025-12-31 08:26:45
EMG_0542,LOC_0400,MEDIUM,247,2025-12-03 04:15:15
EMG_0543,LOC_0285,CRITICAL,99,2026-02-07 16:09:27
EMG_0544,LOC_0125,HIGH,206,2026-02-25 04:50:39
EMG_0545,LOC_0122,MEDIUM,261,2026-04-03 14:15:14
EMG_0546,LOC_0245,MEDIUM,319,2026-01-24 16:53:50
EMG_0547,LOC_0179,MEDIUM,69,2026-03-18 18:54:31
EMG_0548,LOC_0092,HIGH,107,2026-09-08 22:23:59
EMG_0549,LOC_0200,CRITICAL,493,2026-03-12 07:10:59
EMG_0550,LOC_0142,LOW,269,2026-07-07 23:33:14
EMG_0551,LOC_0336,LOW,11,2025-10-30 02:20:09
EMG_0552,LOC_0390,MEDIUM,82,2026-05-20 21:46:08
EMG_0553,LOC_0104,CRITICAL,340,2025-11-04 05:13:46
EMG_0554,LOC_0440,CRITICAL,82,2026-02-03 10:44:02
EMG_0555,LOC_0422,MEDIUM,318,2026-01-04 00:04:29
EMG_0556,LOC_0436,CRITICAL,461,2026-02-05 01:09:18
EMG_0557,LOC_0459,HIGH,28,2026-04-29 20:03:29
EMG_0558,LOC_0153,LOW,403,2026-06-30 16:42:22
EMG_0559,LOC_0199,LOW,300,2025-11-25 13:03:05
EMG_0560,LOC_0330,MEDIUM,489,2026-05-22 16:53:42
EMG_0561,LOC_0294,HIGH,246,2026-08-21 11:56:10
EMG_0562,LOC_0325,CRITICAL,228,2026-09-17 17:54:35
EMG_0563,LOC_0134,CRITICAL,255,2026-09-16 08:31:31
EMG_0564,LOC_0254,LOW,285,2026-01-15 20:51:00
EMG_0565,LOC_0347,HIGH,495,2026-09-08 15:42:03
EMG_0566,LOC_0296,CRITICAL,331,2025-10-10 09:05:14
EMG_0567,LOC_0153,MEDIUM,463,2026-03-07 12:34:37
EMG_0568,LOC_0140,CRITICAL,272,2026-03-31 17:30:09
EMG_0569,LOC_0391,LOW,395,2026-04-29 17:40:05
EMG_0570,LOC_0048,HIGH,53,2026-02-03 08:17:03
EMG_0571,LOC_0053,HIGH,346,2026-08-12 20:11:10
EMG_0572,LOC_0468,MEDIUM,386,2026-01-06 17:48:33
EMG_0573,LOC_0059,HIGH,424,2026-09-21 20:36:48
EMG_0574,LOC_0223,CRITICAL,216,2026-04-26 21:36:25
EMG_0575,LOC_0246,HIGH,252,2026-04-12 18:26:14
EMG_0576,LOC_0019,HIGH,307,2026-09-28 06:22:01
EMG_0577,LOC_0466,CRITICAL,186,2026-01-22 13:33:44
EMG_0578,LOC_0100,HIGH,7,2025-12-31 11:10:30
EMG_0579,LOC_0269,CRITICAL,66,2026-08-08 15:57:00
EMG_0580,LOC_0137,CRITICAL,46,2025-12-16 16:21:44
EMG_0581,LOC_0062,CRITICAL,150,2026-03-05 11:46:20
EMG_0582,LOC_0023,MEDIUM,59,2026-03-18 16:35:07
EMG_0583,LOC_0379,CRITICAL,157,2026-01-01 02:10:16
EMG_0584,LOC_0136,CRITICAL,54,2025-10-06 05:44:36
EMG_0585,LOC_0188,CRITICAL,377,2026-07-04 08:41:53
EMG_0586,LOC_0393,CRITICAL,47,2025-11-03 07:36:15
EMG_0587,LOC_0233,LOW,408,2026-06-15 16:19:10
EMG_0588,LOC_0278,MEDIUM,142,2025-11-13 14:09:29
EMG_0589,LOC_0160,LOW,297,2025-12-23 07:02:33
EMG_0590,LOC_0095,HIGH,261,2026-04-03 11:45:10
EMG_0591,LOC_0301,MEDIUM,401,2025-10-22 08:44:13
EMG_0592,LOC_0115,LOW,115,2026-08-19 19:44:58
EMG_0593,LOC_0313,CRITICAL,47,2025-11-10 03:04:18
EMG_0594,LOC_0094,CRITICAL,354,2025-10-11 09:27:23
EMG_0595,LOC_0203,HIGH,192,2026-07-14 06:11:50
EMG_0596,LOC_0419,MEDIUM,145,2025-11-08 00:04:52
EMG_0597,LOC_0418,LOW,53,2026-02-26 01:59:22
EMG_0598,LOC_0051,HIGH,475,2026-04-02 01:16:32
EMG_0599,LOC_0403,CRITICAL,448,2026-08-01 22:30:50
EMG_0600,LOC_0164,LOW,74,2026-01-22 14:50:43
EMG_0601,LOC_0271,LOW,286,2025-12-02 23:45:27
EMG_0602,LOC_0246,LOW,408,2026-06-21 16:17:32
EMG_0603,LOC_0357,MEDIUM,368,2026-08-30 01:50:36
EMG_0604,LOC_0238,MEDIUM,481,2026-01-05 07:13:55
EMG_0605,LOC_0372,LOW,94,2026-07-14 22:13:38
EMG_0606,LOC_0427,LOW,18,2025-10-26 11:54:25
EMG_0607,LOC_0458,HIGH,34,2026-02-07 14:19:12
EMG_0608,LOC_0068,HIGH,198,2026-07-14 04:15:45
EMG_0609,LOC_0078,LOW,192,2026-03-26 18:46:59
EMG_0610,LOC_0342,HIGH,56,2026-09-29 09:36:33
EMG_0611,LOC_0100,LOW,493,2026-06-21 09:18:14
EMG_0612,LOC_0138,MEDIUM,136,2026-08-02 01:18:02
EMG_0613,LOC_0423,LOW,448,2026-06-29 11:33:10
EMG_0614,LOC_0477,MEDIUM,113,2026-04-15 15:28:14
EMG_0615,LOC_0326,LOW,303,2025-11-06 09:57:00
EMG_0616,LOC_0122,MEDIUM,270,2026-02-25 19:15:47
EMG_0617,LOC_0231,LOW,462,2025-11-04 01:17:43
EMG_0618,LOC_0166,MEDIUM,323,2026-08-30 16:45:12
EMG_0619,LOC_0331,MEDIUM,180,2026-04-30 18:38:39
EMG_0620,LOC_0094,MEDIUM,94,2025-10-29 02:59:36
EMG_0621,LOC_0177,LOW,155,2026-02-28 05:41:58
EMG_0622,LOC_0363,CRITICAL,15,2026-08-20 07:35:21
EMG_0623,LOC_0020,HIGH,457,2026-05-31 15:53:17
EMG_0624,LOC_0480,LOW,228,2026-02-10 14:53:59
EMG_0625,LOC_0465,MEDIUM,10,2026-09-18 16:26:22
EMG_0626,LOC_0312,HIGH,464,2026-05-10 03:48:20
EMG_0627,LOC_0056,LOW,415,2026-04-04 06:20:48
EMG_0628,LOC_0144,HIGH,267,2025-11-07 21:09:06
EMG_0629,LOC_0196,HIGH,263,2026-09-08 20:16:34
EMG_0630,LOC_0425,LOW,280,2026-03-25 01:03:31
EMG_0631,LOC_0468,MEDIUM,266,2026-04-30 01:54:53
EMG_0632,LOC_0300,CRITICAL,316,2025-12-09 08:29:44
EMG_0633,LOC_0493,HIGH,151,2026-03-05 01:32:59
EMG_0634,LOC_0212,MEDIUM,427,2026-07-27 08:00:21
EMG_0635,LOC_0377,CRITICAL,242,2026-09-17 00:39:09
EMG_0636,LOC_0161,CRITICAL,35,2026-09-30 02:43:54
EMG_0637,LOC_0324,HIGH,94,2026-08-29 17:36:24
EMG_0638,LOC_0206,LOW,49,2026-07-31 20:32:20
EMG_0639,LOC_0058,CRITICAL,369,2026-05-26 10:16:48
EMG_0640,LOC_0051,HIGH,227,2025-11-20 12:37:44
EMG_0641,LOC_0381,HIGH,304,2026-01-16 20:33:32
EMG_0642,LOC_0343,HIGH,248,2026-04-07 09:36:16
EMG_0643,LOC_0199,MEDIUM,306,2025-11-18 19:55:46
EMG_0644,LOC_0442,HIGH,488,2026-03-26 21:29:06
EMG_0645,LOC_0246,CRITICAL,490,2026-08-19 05:56:24
EMG_0646,LOC_0254,MEDIUM,40,2026-08-12 05:14:59
EMG_0647,LOC_0432,MEDIUM,432,2026-01-11 20:08:15
EMG_0648,LOC_0329,LOW,473,2025-11-04 15:11:48
EMG_0649,LOC_0182,MEDIUM,97,2026-07-31 04:54:14
EMG_0650,LOC_0213,LOW,440,2026-04-01 00:44:38
EMG_0651,LOC_0336,MEDIUM,464,2026-05-20 03:46:16
EMG_0652,LOC_0209,MEDIUM,368,2026-04-24 01:59:19
EMG_0653,LOC_0186,MEDIUM,395,2026-09-29 01:10:10
EMG_0654,LOC_0155,MEDIUM,366,2026-04-27 06:27:51
EMG_0655,LOC_0071,CRITICAL,187,2025-11-21 12:00:09
EMG_0656,LOC_0470,CRITICAL,32,2026-02-06 23:49:58
EMG_0657,LOC_0416,HIGH,429,2025-11-30 20:37:07
EMG_0658,LOC_0427,HIGH,66,2026-01-07 04:04:52
EMG_0659,LOC_0106,MEDIUM,319,2025-10-16 13:46:01
EMG_0660,LOC_0088,LOW,148,2026-03-25 13:03:07
EMG_0661,LOC_0192,LOW,113,2026-02-05 16:11:33
EMG_0662,LOC_0295,CRITICAL,25,2025-10-21 08:17:18
EMG_0663,LOC_0005,LOW,416,2025-10-23 08:16:03
EMG_0664,LOC_0440,LOW,375,2026-04-06 15:21:26
EMG_0665,LOC_0048,HIGH,329,2026-01-24 01:24:48
EMG_0666,LOC_0391,MEDIUM,375,2025-11-08 12:59:26
EMG_0667,LOC_0481,HIGH,53,2026-04-17 03:07:29
EMG_0668,LOC_0302,MEDIUM,301,2026-03-30 20:20:02
EMG_0669,LOC_0007,HIGH,107,2026-04-07 00:02:49
EMG_0670,LOC_0377,LOW,185,2025-12-02 07:43:20
EMG_0671,LOC_0338,HIGH,107,2026-06-06 17:20:58
EMG_0672,LOC_0142,LOW,305,2026-04-15 01:51:44
EMG_0673,LOC_0309,CRITICAL,201,2026-02-04 06:35:40
EMG_0674,LOC_0108,LOW,107,2026-08-13 05:47:12
EMG_0675,LOC_0078,CRITICAL,353,2025-10-26 06:49:28
EMG_0676,LOC_0009,MEDIUM,406,2026-06-28 17:23:47
EMG_0677,LOC_0383,HIGH,350,2026-05-28 15:32:55
EMG_0678,LOC_0276,LOW,30,2026-04-24 02:54:41
EMG_0679,LOC_0481,CRITICAL,480,2025-12-16 00:14:42
EMG_0680,LOC_0232,LOW,62,2026-06-24 06:29:51
EMG_0681,LOC_0488,HIGH,23,2026-01-13 10:38:47
EMG_0682,LOC_0059,MEDIUM,353,2026-09-19 12:58:12
EMG_0683,LOC_0040,CRITICAL,126,2026-10-03 19:44:27
EMG_0684,LOC_0411,MEDIUM,367,2026-06-14 11:52:01
EMG_0685,LOC_0083,MEDIUM,476,2026-08-04 06:39:27
EMG_0686,LOC_0139,MEDIUM,305,2025-11-21 18:10:09
EMG_0687,LOC_0337,MEDIUM,117,2025-11-24 01:05:16
EMG_0688,LOC_0374,CRITICAL,362,2026-01-02 05:23:28
EMG_0689,LOC_0377,MEDIUM,249,2026-09-21 20:37:56
EMG_0690,LOC_0117,MEDIUM,197,2026-04-17 11:16:46
EMG_0691,LOC_0387,HIGH,279,2026-05-25 18:25:49
EMG_0692,LOC_0001,MEDIUM,475,2026-02-18 07:32:24
EMG_0693,LOC_0087,CRITICAL,269,2026-01-29 23:06:43
EMG_0694,LOC_0247,HIGH,433,2026-04-12 15:18:58
EMG_0695,LOC_0363,MEDIUM,332,2026-02-12 17:58:56
EMG_0696,LOC_0323,LOW,290,2026-01-05 11:57:24
EMG_0697,LOC_0415,HIGH,86,2025-10-14 01:20:34
EMG_0698,LOC_0146,MEDIUM,57,2025-11-09 07:48:39
EMG_0699,LOC_0006,CRITICAL,149,2026-06-30 00:43:18
EMG_0700,LOC_0055,LOW,439,2026-02-28 01:13:23
EMG_0701,LOC_0016,HIGH,53,2025-11-17 16:20:59
EMG_0702,LOC_0049,LOW,81,2026-09-24 13:40:58
EMG_0703,LOC_0313,LOW,287,2025-12-03 00:11:59
EMG_0704,LOC_0448,LOW,58,2026-04-06 06:29:38
EMG_0705,LOC_0202,LOW,92,2026-06-16 22:21:00
EMG_0706,LOC_0398,CRITICAL,416,2026-07-26 23:02:09
EMG_0707,LOC_0445,LOW,496,2026-05-14 01:49:20
EMG_0708,LOC_0075,LOW,413,2026-08-04 11:22:42
EMG_0709,LOC_0259,CRITICAL,117,2026-05-09 10:44:35
EMG_0710,LOC_0344,LOW,70,2026-09-19 11:57:21
EMG_0711,LOC_0109,HIGH,31,2026-03-05 19:58:04
EMG_0712,LOC_0053,LOW,438,2026-03-25 20:57:06
EMG_0713,LOC_0128,LOW,262,2026-08-06 15:28:31
EMG_0714,LOC_0175,HIGH,51,2025-12-04 10:03:22
EMG_0715,LOC_0285,LOW,41,2026-07-04 00:59:32
EMG_0716,LOC_0443,HIGH,160,2025-10-19 07:43:23
EMG_0717,LOC_0192,MEDIUM,19,2025-11-27 13:06:28
EMG_0718,LOC_0262,LOW,259,2025-12-08 00:10:54
EMG_0719,LOC_0267,MEDIUM,397,2026-01-02 00:40:05
EMG_0720,LOC_0412,MEDIUM,240,2026-05-07 21:12:51
EMG_0721,LOC_0115,MEDIUM,120,2026-02-26 11:29:06
EMG_0722,LOC_0231,HIGH,140,2025-10-11 16:51:09
EMG_0723,LOC_0431,LOW,471,2026-02-25 01:31:02
EMG_0724,LOC_0006,HIGH,362,2025-12-02 01:30:02
EMG_0725,LOC_0013,LOW,131,2025-11-25 03:10:04
EMG_0726,LOC_0197,HIGH,121,2026-02-16 08:31:43
EMG_0727,LOC_0162,LOW,483,2026-01-21 15:01:30
EMG_0728,LOC_0188,MEDIUM,299,2026-04-17 14:34:36
EMG_0729,LOC_0230,LOW,308,2026-01-07 09:10:46
EMG_0730,LOC_0265,LOW,277,2026-06-28 11:23:45
EMG_0731,LOC_0490,MEDIUM,259,2026-01-02 02:52:23
EMG_0732,LOC_0420,LOW,310,2025-12-31 08:19:26
EMG_0733,LOC_0221,MEDIUM,177,2026-09-18 14:41:51
EMG_0734,LOC_0208,MEDIUM,140,2026-08-14 18:56:45
EMG_0735,LOC_0236,MEDIUM,262,2026-08-22 07:27:35
EMG_0736,LOC_0309,CRITICAL,301,2026-07-05 16:33:44
EMG_0737,LOC_0072,MEDIUM,228,2026-03-15 21:43:58
EMG_0738,LOC_0375,LOW,247,2026-08-11 22:25:37
EMG_0739,LOC_0260,HIGH,461,2026-09-04 11:59:48
EMG_0740,LOC_0468,MEDIUM,250,2026-06-19 16:11:12
EMG_0741,LOC_0471,CRITICAL,400,2026-02-06 15:07:22
EMG_0742,LOC_0103,MEDIUM,51,2026-02-24 06:06:55
EMG_0743,LOC_0241,HIGH,125,2026-08-20 03:32:52
EMG_0744,LOC_0209,LOW,409,2026-01-13 13:51:39
EMG_0745,LOC_0413,CRITICAL,479,2026-06-29 19:49:30
EMG_0746,LOC_0357,CRITICAL,35,2026-08-07 00:28:52
EMG_0747,LOC_0233,CRITICAL,400,2026-08-09 16:38:51
EMG_0748,LOC_0136,CRITICAL,6,2026-09-18 04:33:31
EMG_0749,LOC_0346,LOW,438,2026-08-13 00:38:58
EMG_0750,LOC_0234,HIGH,281,2026-04-21 22:32:10
EMG_0751,LOC_0002,CRITICAL,250,2026-05-23 21:48:36
EMG_0752,LOC_0047,CRITICAL,284,2026-01-14 04:52:00
EMG_0753,LOC_0036,HIGH,362,2026-05-02 00:53:56
EMG_0754,LOC_0241,HIGH,68,2026-05-25 07:12:24
EMG_0755,LOC_0162,LOW,500,2025-11-09 17:42:16
EMG_0756,LOC_0176,HIGH,449,2026-06-30 21:09:59
EMG_0757,LOC_0469,CRITICAL,195,2026-09-04 06:19:56
EMG_0758,LOC_0032,LOW,74,2026-04-02 09:38:43
EMG_0759,LOC_0360,LOW,41,2026-01-30 14:02:42
EMG_0760,LOC_0485,MEDIUM,218,2026-07-06 22:30:54
EMG_0761,LOC_0186,CRITICAL,363,2025-11-27 07:32:15
EMG_0762,LOC_0259,LOW,361,2025-11-08 16:21:03
EMG_0763,LOC_0410,HIGH,45,2025-11-20 17:37:14
EMG_0764,LOC_0101,CRITICAL,5,2026-06-04 13:58:48
EMG_0765,LOC_0087,LOW,16,2026-01-15 14:03:54
EMG_0766,LOC_0500,LOW,190,2026-04-02 04:12:52
EMG_0767,LOC_0190,CRITICAL,466,2026-05-30 01:25:08
EMG_0768,LOC_0192,CRITICAL,474,2026-08-10 08:03:54
EMG_0769,LOC_0188,HIGH,299,2025-11-05 15:39:33
EMG_0770,LOC_0068,MEDIUM,330,2026-09-20 04:32:27
EMG_0771,LOC_0094,MEDIUM,63,2026-03-02 20:25:45
EMG_0772,LOC_0286,LOW,93,2025-12-03 05:18:30
EMG_0773,LOC_0453,CRITICAL,252,2025-11-25 07:50:16
EMG_0774,LOC_0461,LOW,212,2026-07-10 17:46:14
EMG_0775,LOC_0086,LOW,363,2026-02-23 19:53:59
EMG_0776,LOC_0457,HIGH,113,2025-12-16 06:17:02
EMG_0777,LOC_0348,MEDIUM,18,2026-09-17 01:43:45
EMG_0778,LOC_0372,HIGH,310,2026-04-13 23:04:08
EMG_0779,LOC_0078,CRITICAL,253,2025-12-16 09:04:07
EMG_0780,LOC_0237,MEDIUM,316,2026-03-29 04:10:56
EMG_0781,LOC_0349,HIGH,425,2026-08-09 00:24:12
EMG_0782,LOC_0433,LOW,485,2026-05-16 10:22:58
EMG_0783,LOC_0270,CRITICAL,75,2026-09-02 19:15:46
EMG_0784,LOC_0208,CRITICAL,104,2025-11-30 18:50:43
EMG_0785,LOC_0474,MEDIUM,467,2026-02-16 07:34:20
EMG_0786,LOC_0462,MEDIUM,68,2025-11-03 00:29:16
EMG_0787,LOC_0464,CRITICAL,455,2026-01-08 21:40:53
EMG_0788,LOC_0233,HIGH,488,2026-08-27 04:08:03
EMG_0789,LOC_0353,CRITICAL,468,2026-05-25 11:01:21
EMG_0790,LOC_0075,CRITICAL,276,2026-04-01 14:29:59
EMG_0791,LOC_0374,CRITICAL,301,2026-03-11 05:00:07
EMG_0792,LOC_0202,HIGH,361,2025-10-16 11:21:43
EMG_0793,LOC_0486,HIGH,245,2026-01-10 20:47:48
EMG_0794,LOC_0262,MEDIUM,59,2025-10-19 09:05:43
EMG_0795,LOC_0318,MEDIUM,282,2026-05-06 15:31:11
EMG_0796,LOC_0424,HIGH,203,2026-07-25 21:47:33
EMG_0797,LOC_0487,LOW,300,2025-11-13 11:52:51
EMG_0798,LOC_0462,HIGH,399,2026-07-22 21:21:52
EMG_0799,LOC_0356,HIGH,435,2026-08-06 10:50:07
EMG_0800,LOC_0492,HIGH,383,2025-10-30 19:17:05
EMG_0801,LOC_0399,HIGH,178,2026-01-01 20:35:16
EMG_0802,LOC_0471,LOW,16,2026-06-23 04:54:56
EMG_0803,LOC_0030,LOW,5,2026-01-19 11:32:25
EMG_0804,LOC_0135,CRITICAL,265,2026-08-18 03:12:58
EMG_0805,LOC_0038,HIGH,170,2025-11-09 00:03:00
EMG_0806,LOC_0483,MEDIUM,451,2026-02-06 09:27:55
EMG_0807,LOC_0200,LOW,452,2025-11-12 22:59:50
EMG_0808,LOC_0029,HIGH,200,2026-02-15 05:11:44
EMG_0809,LOC_0124,HIGH,408,2026-09-26 03:20:27
EMG_0810,LOC_0295,MEDIUM,209,2026-04-26 01:35:08
EMG_0811,LOC_0419,HIGH,352,2026-09-04 10:11:17
EMG_0812,LOC_0175,LOW,118,2025-10-28 13:31:55
EMG_0813,LOC_0378,HIGH,428,2026-02-19 23:45:26
EMG_0814,LOC_0096,LOW,342,2025-11-17 20:14:42
EMG_0815,LOC_0218,MEDIUM,217,2026-01-04 16:18:24
EMG_0816,LOC_0254,LOW,452,2025-10-14 17:31:11
EMG_0817,LOC_0218,MEDIUM,473,2026-01-29 08:56:50
EMG_0818,LOC_0093,LOW,430,2026-03-09 13:39:06
EMG_0819,LOC_0243,CRITICAL,4,2026-07-15 19:16:07
EMG_0820,LOC_0078,LOW,140,2026-08-28 08:30:14
EMG_0821,LOC_0457,LOW,227,2025-11-12 02:07:30
EMG_0822,LOC_0022,CRITICAL,381,2026-08-13 09:14:05
EMG_0823,LOC_0404,HIGH,244,2026-03-12 09:03:10
EMG_0824,LOC_0220,CRITICAL,178,2026-04-05 10:18:43
EMG_0825,LOC_0247,CRITICAL,218,2026-05-24 15:27:12
EMG_0826,LOC_0144,HIGH,377,2025-12-08 11:31:22
EMG_0827,LOC_0310,LOW,313,2026-10-02 19:34:22
EMG_0828,LOC_0201,HIGH,168,2026-05-21 02:49:25
EMG_0829,LOC_0369,CRITICAL,410,2026-03-05 23:09:32
EMG_0830,LOC_0039,MEDIUM,67,2026-04-14 00:49:13
EMG_0831,LOC_0462,CRITICAL,474,2026-08-26 07:17:49
EMG_0832,LOC_0161,MEDIUM,429,2026-04-21 17:28:31
EMG_0833,LOC_0212,CRITICAL,30,2026-09-12 01:09:29
EMG_0834,LOC_0236,MEDIUM,157,2026-03-11 19:10:32
EMG_0835,LOC_0352,HIGH,475,2026-07-29 08:53:46
EMG_0836,LOC_0100,LOW,199,2026-07-10 18:29:51
EMG_0837,LOC_0311,CRITICAL,417,2026-06-12 13:25:19
EMG_0838,LOC_0266,CRITICAL,198,2026-02-13 02:11:10
EMG_0839,LOC_0234,HIGH,279,2026-06-27 04:57:13
EMG_0840,LOC_0479,HIGH,46,2026-04-21 06:01:50
EMG_0841,LOC_0010,LOW,344,2026-05-20 00:38:58
EMG_0842,LOC_0343,CRITICAL,118,2026-08-10 17:38:41
EMG_0843,LOC_0234,MEDIUM,425,2025-12-21 13:38:39
EMG_0844,LOC_0323,LOW,229,2026-02-28 16:59:56
EMG_0845,LOC_0154,CRITICAL,473,2026-04-12 23:11:47
EMG_0846,LOC_0326,CRITICAL,425,2025-10-12 08:49:55
EMG_0847,LOC_0286,HIGH,195,2026-07-30 17:22:14
EMG_0848,LOC_0350,MEDIUM,257,2025-11-05 07:14:51
EMG_0849,LOC_0449,MEDIUM,361,2025-12-29 07:20:29
EMG_0850,LOC_0107,HIGH,239,2026-07-18 12:50:37
EMG_0851,LOC_0058,HIGH,56,2026-06-03 13:06:52
EMG_0852,LOC_0487,CRITICAL,364,2026-07-12 07:03:41
EMG_0853,LOC_0125,CRITICAL,63,2026-04-06 00:01:20
EMG_0854,LOC_0076,MEDIUM,478,2025-12-31 11:51:25
EMG_0855,LOC_0353,CRITICAL,465,2026-05-02 16:15:08
EMG_0856,LOC_0099,MEDIUM,71,2026-03-08 01:01:36
EMG_0857,LOC_0338,LOW,93,2026-06-18 02:36:27
EMG_0858,LOC_0280,CRITICAL,321,2026-01-01 06:16:17
EMG_0859,LOC_0077,HIGH,420,2026-09-21 23:42:51
EMG_0860,LOC_0398,LOW,414,2026-05-28 01:57:24
EMG_0861,LOC_0023,MEDIUM,424,2026-02-06 19:59:07
EMG_0862,LOC_0206,MEDIUM,270,2025-11-21 10:33:39
EMG_0863,LOC_0004,LOW,338,2025-12-28 21:19:52
EMG_0864,LOC_0028,LOW,99,2026-09-15 15:56:11
EMG_0865,LOC_0129,MEDIUM,174,2026-08-09 21:02:55
EMG_0866,LOC_0467,CRITICAL,323,2026-04-11 02:27:57
EMG_0867,LOC_0013,LOW,484,2025-10-17 17:59:36
EMG_0868,LOC_0471,HIGH,499,2026-08-22 07:52:48
EMG_0869,LOC_0352,MEDIUM,234,2026-06-23 07:13:15
EMG_0870,LOC_0140,HIGH,230,2026-05-17 14:35:10
EMG_0871,LOC_0294,MEDIUM,483,2025-12-04 12:10:48
EMG_0872,LOC_0092,HIGH,443,2025-10-19 23:34:06
EMG_0873,LOC_0491,LOW,448,2026-10-03 03:03:31
EMG_0874,LOC_0031,CRITICAL,335,2026-01-31 16:08:32
EMG_0875,LOC_0478,MEDIUM,341,2025-10-13 00:19:36
EMG_0876,LOC_0401,LOW,193,2026-05-17 03:42:18
EMG_0877,LOC_0357,CRITICAL,187,2026-08-21 19:00:32
EMG_0878,LOC_0073,HIGH,324,2025-12-21 01:07:15
EMG_0879,LOC_0435,HIGH,449,2026-04-29 02:05:46
EMG_0880,LOC_0360,HIGH,280,2026-05-13 04:20:09
EMG_0881,LOC_0307,HIGH,187,2025-11-02 19:00:39
EMG_0882,LOC_0422,HIGH,197,2026-05-23 13:40:44
EMG_0883,LOC_0354,HIGH,29,2026-06-14 12:12:26
EMG_0884,LOC_0136,HIGH,324,2026-07-01 11:45:26
EMG_0885,LOC_0109,HIGH,37,2026-05-03 17:44:30
EMG_0886,LOC_0135,CRITICAL,119,2026-08-29 19:51:35
EMG_0887,LOC_0172,LOW,331,2026-03-25 19:38:28
EMG_0888,LOC_0492,MEDIUM,313,2026-05-30 17:29:50
EMG_0889,LOC_0490,LOW,321,2026-05-29 14:00:02
EMG_0890,LOC_0170,HIGH,304,2026-02-15 14:36:42
EMG_0891,LOC_0442,HIGH,373,2025-10-29 15:55:09
EMG_0892,LOC_0009,HIGH,438,2026-02-27 16:48:59
EMG_0893,LOC_0370,CRITICAL,3,2025-11-14 19:03:24
EMG_0894,LOC_0401,LOW,157,2026-03-11 15:33:56
EMG_0895,LOC_0360,LOW,274,2026-08-15 21:18:32
EMG_0896,LOC_0379,CRITICAL,39,2026-07-30 03:20:47
EMG_0897,LOC_0298,MEDIUM,462,2026-10-02 19:30:32
EMG_0898,LOC_0281,MEDIUM,65,2026-06-16 15:09:13
EMG_0899,LOC_0307,CRITICAL,48,2026-04-28 05:13:35
EMG_0900,LOC_0040,HIGH,419,2026-09-20 17:22:26
EMG_0901,LOC_0496,CRITICAL,426,2026-05-19 12:03:38
EMG_0902,LOC_0269,LOW,396,2026-08-16 01:08:51
EMG_0903,LOC_0230,MEDIUM,188,2026-04-21 06:54:58
EMG_0904,LOC_0216,MEDIUM,255,2025-11-21 19:45:36
EMG_0905,LOC_0380,CRITICAL,93,2025-12-31 19:12:08
EMG_0906,LOC_0216,CRITICAL,282,2025-10-08 18:55:38
EMG_0907,LOC_0380,LOW,492,2026-03-13 21:33:10
EMG_0908,LOC_0345,HIGH,205,2026-05-13 12:22:08
EMG_0909,LOC_0235,HIGH,461,2025-12-05 14:51:11
EMG_0910,LOC_0145,MEDIUM,263,2025-10-14 19:52:39
EMG_0911,LOC_0350,HIGH,63,2026-01-15 06:21:08
EMG_0912,LOC_0072,MEDIUM,57,2026-01-21 23:12:19
EMG_0913,LOC_0235,LOW,426,2026-07-02 10:52:08
EMG_0914,LOC_0019,MEDIUM,459,2026-07-27 01:11:51
EMG_0915,LOC_0290,MEDIUM,359,2026-03-09 11:47:35
EMG_0916,LOC_0341,HIGH,92,2026-04-27 01:37:34
EMG_0917,LOC_0368,MEDIUM,13,2026-04-26 10:02:44
EMG_0918,LOC_0378,CRITICAL,480,2025-12-18 22:24:50
EMG_0919,LOC_0288,HIGH,105,2025-10-29 14:53:36
EMG_0920,LOC_0496,MEDIUM,445,2026-08-06 17:57:10
EMG_0921,LOC_0334,LOW,400,2026-03-28 02:06:00
EMG_0922,LOC_0025,LOW,388,2026-08-21 15:21:17
EMG_0923,LOC_0277,LOW,397,2025-12-11 23:57:05
EMG_0924,LOC_0247,LOW,405,2026-06-17 02:01:38
EMG_0925,LOC_0231,MEDIUM,487,2026-05-29 04:23:45
EMG_0926,LOC_0489,HIGH,352,2026-02-16 12:09:52
EMG_0927,LOC_0146,CRITICAL,248,2025-10-11 12:36:58
EMG_0928,LOC_0481,LOW,497,2025-10-09 09:32:07
EMG_0929,LOC_0074,CRITICAL,323,2026-04-05 11:17:17
EMG_0930,LOC_0333,CRITICAL,192,2026-06-21 22:51:59
EMG_0931,LOC_0393,LOW,271,2026-09-09 22:09:38
EMG_0932,LOC_0226,MEDIUM,417,2026-01-29 17:04:29
EMG_0933,LOC_0254,LOW,453,2025-10-25 19:36:51
EMG_0934,LOC_0193,HIGH,125,2025-12-25 00:43:26
EMG_0935,LOC_0308,MEDIUM,50,2026-07-03 15:24:25
EMG_0936,LOC_0203,MEDIUM,257,2026-06-23 09:00:18
EMG_0937,LOC_0126,CRITICAL,434,2026-04-30 15:45:31
EMG_0938,LOC_0088,CRITICAL,272,2026-02-09 06:20:07
EMG_0939,LOC_0326,CRITICAL,110,2026-06-01 03:39:03
EMG_0940,LOC_0317,CRITICAL,283,2026-06-29 05:11:09
EMG_0941,LOC_0069,CRITICAL,84,2026-05-24 19:49:26
EMG_0942,LOC_0456,MEDIUM,288,2026-02-10 08:56:44
EMG_0943,LOC_0034,HIGH,353,2026-05-11 01:48:40
EMG_0944,LOC_0337,LOW,181,2026-06-19 11:41:09
EMG_0945,LOC_0240,HIGH,95,2026-08-03 02:34:29
EMG_0946,LOC_0110,MEDIUM,482,2026-03-21 14:50:38
EMG_0947,LOC_0463,MEDIUM,409,2026-09-09 16:56:55
EMG_0948,LOC_0272,MEDIUM,235,2025-10-23 19:45:52
EMG_0949,LOC_0374,MEDIUM,118,2026-04-11 07:58:04
EMG_0950,LOC_0408,LOW,8,2026-04-22 19:30:22
EMG_0951,LOC_0180,HIGH,111,2025-10-10 03:31:31
EMG_0952,LOC_0219,MEDIUM,140,2026-03-10 13:04:06
EMG_0953,LOC_0169,HIGH,382,2026-03-15 01:57:12
EMG_0954,LOC_0324,MEDIUM,445,2026-04-07 02:03:43
EMG_0955,LOC_0218,LOW,33,2025-11-02 04:31:09
EMG_0956,LOC_0482,MEDIUM,228,2025-10-14 17:52:17
EMG_0957,LOC_0075,HIGH,351,2026-04-29 08:46:12
EMG_0958,LOC_0175,HIGH,66,2026-01-16 21:15:23
EMG_0959,LOC_0349,MEDIUM,174,2026-05-22 06:47:14
EMG_0960,LOC_0367,LOW,110,2026-04-15 02:37:46
EMG_0961,LOC_0187,HIGH,429,2026-09-19 01:48:48
EMG_0962,LOC_0017,LOW,270,2026-10-01 22:30:53
EMG_0963,LOC_0309,LOW,361,2026-06-19 20:36:39
EMG_0964,LOC_0059,MEDIUM,243,2026-01-31 19:32:36
EMG_0965,LOC_0351,HIGH,24,2025-11-06 05:53:32
EMG_0966,LOC_0229,LOW,217,2025-12-15 02:37:48
EMG_0967,LOC_0064,MEDIUM,497,2026-06-27 14:28:56
EMG_0968,LOC_0047,MEDIUM,53,2026-05-14 07:13:06
EMG_0969,LOC_0494,MEDIUM,171,2026-07-09 23:33:31
EMG_0970,LOC_0296,CRITICAL,37,2026-08-25 00:17:47
EMG_0971,LOC_0481,HIGH,344,2026-06-03 11:06:19
EMG_0972,LOC_0019,HIGH,167,2025-11-20 08:33:37
EMG_0973,LOC_0354,HIGH,71,2025-10-27 15:46:28
EMG_0974,LOC_0416,CRITICAL,204,2025-12-26 09:31:46
EMG_0975,LOC_0371,MEDIUM,198,2026-01-20 05:36:39
EMG_0976,LOC_0032,HIGH,66,2025-12-30 12:41:28
EMG_0977,LOC_0097,LOW,95,2026-06-13 06:08:34
EMG_0978,LOC_0359,HIGH,4,2026-02-27 09:53:27
EMG_0979,LOC_0252,MEDIUM,222,2025-11-29 08:48:25
EMG_0980,LOC_0045,MEDIUM,68,2025-10-09 18:07:04
EMG_0981,LOC_0095,HIGH,393,2026-07-18 02:10:00
EMG_0982,LOC_0035,CRITICAL,133,2026-07-08 17:41:28
EMG_0983,LOC_0360,LOW,156,2026-01-31 12:44:23
EMG_0984,LOC_0340,MEDIUM,463,2026-03-13 17:09:34
EMG_0985,LOC_0294,MEDIUM,439,2026-08-05 01:47:54
EMG_0986,LOC_0471,CRITICAL,65,2026-09-12 11:03:59
EMG_0987,LOC_0427,MEDIUM,245,2026-09-01 20:40:50
EMG_0988,LOC_0073,LOW,101,2026-07-28 03:25:09
EMG_0989,LOC_0121,MEDIUM,220,2025-12-22 17:43:23
EMG_0990,LOC_0429,HIGH,216,2026-09-02 13:32:10
EMG_0991,LOC_0081,CRITICAL,414,2026-08-03 10:00:23
EMG_0992,LOC_0015,HIGH,179,2026-09-24 03:14:50
EMG_0993,LOC_0438,CRITICAL,478,2026-09-19 09:39:34
EMG_0994,LOC_0143,HIGH,240,2026-02-22 22:17:01
EMG_0995,LOC_0091,HIGH,415,2026-01-05 15:22:44
EMG_0996,LOC_0408,HIGH,476,2025-11-13 00:49:02
EMG_0997,LOC_0207,CRITICAL,413,2025-12-18 21:56:02
EMG_0998,LOC_0078,CRITICAL,442,2026-06-22 00:09:43
EMG_0999,LOC_0373,HIGH,372,2026-02-15 14:25:27
EMG_1000,LOC_0193,CRITICAL,52,2026-06-17 18:05:49
