id,name,type,latitude,longitude,capacity
LOC_0001,Location_0001,RESCUE_STATION,28.024395,79.66364,574
LOC_0002,Location_0002,HOSPITAL,30.546074,79.905251,42
LOC_0003,Location_0003,HOSPITAL,27.324191,78.63734,260
LOC_0004,Location_0004,HOSPITAL,30.371883,80.053282,856
LOC_0005,Location_0005,JUNCTION,30.44194,76.315603,319
LOC_0006,Location_0006,RESCUE_STATION,31.345609,74.59022,197
LOC_0007,Location_0007,HOSPITAL,27.73651,75.663997,403
LOC_0008,Location_0008,VILLAGE,27.418397,79.958476,708
LOC_0009,Location_0009,SHELTER,29.050821,76.844025,798
LOC_0010,Location_0010,JUNCTION,27.93778,79.448319,429
LOC_0011,Location_0011,VILLAGE,29.268821,77.235111,501
LOC_0012,Location_0012,RESCUE_STATION,28.346912,74.11525,901
LOC_0013,Location_0013,RESCUE_STATION,28.865981,76.802734,448
LOC_0014,Location_0014,SHELTER,31.169995,75.818699,232
LOC_0015,Location_0015,JUNCTION,31.342286,77.749185,825
LOC_0016,Location_0016,JUNCTION,29.00877,74.404773,671
LOC_0017,Location_0017,VILLAGE,28.356681,76.658445,608
LOC_0018,Location_0018,HOSPITAL,29.389222,79.515949,148
LOC_0019,Location_0019,JUNCTION,27.784164,74.284241,184
LOC_0020,Location_0020,VILLAGE,31.431818,77.141574,129
LOC_0021,Location_0021,SHELTER,28.921888,75.424398,35
LOC_0022,Location_0022,RESCUE_STATION,30.002783,76.651262,290
LOC_0023,Location_0023,JUNCTION,27.30707,74.982468,973
LOC_0024,Location_0024,HOSPITAL,29.921004,76.794812,804
LOC_0025,Location_0025,RESCUE_STATION,30.829312,79.713931,176
LOC_0026,Location_0026,JUNCTION,28.913721,74.634702,257
LOC_0027,Location_0027,JUNCTION,30.868801,75.556465,952
LOC_0028,Location_0028,HOSPITAL,28.658321,75.128487,985
LOC_0029,Location_0029,SHELTER,27.977779,76.743179,335
LOC_0030,Location_0030,RESCUE_STATION,30.990078,75.599936,796
LOC_0031,Location_0031,SHELTER,27.126995,78.23999,570
LOC_0032,Location_0032,SHELTER,30.412852,74.633957,669
LOC_0033,Location_0033,SHELTER,27.581897,77.304159,57
LOC_0034,Location_0034,JUNCTION,27.897685,75.180629,781
LOC_0035,Location_0035,RESCUE_STATION,29.173691,74.3379,206
LOC_0036,Location_0036,SHELTER,28.162614,78.687269,573
LOC_0037,Location_0037,VILLAGE,27.790282,80.156181,457
LOC_0038,Location_0038,RESCUE_STATION,27.962698,76.209111,557
LOC_0039,Location_0039,HOSPITAL,28.37778,78.889332,590
LOC_0040,Location_0040,RESCUE_STATION,28.454412,76.677818,492
LOC_0041,Location_0041,JUNCTION,29.637304,79.479806,526
LOC_0042,Location_0042,VILLAGE,29.14131,77.360955,34
LOC_0043,Location_0043,SHELTER,31.137947,77.967859,761
LOC_0044,Location_0044,VILLAGE,31.035631,76.61935,627
LOC_0045,Location_0045,SHELTER,27.392473,75.510435,105
LOC_0046,Location_0046,RESCUE_STATION,29.545785,76.961636,89
LOC_0047,Location_0047,RESCUE_STATION,27.242848,74.528183,115
LOC_0048,Location_0048,SHELTER,31.168512,77.795346,106
LOC_0049,Location_0049,RESCUE_STATION,28.889359,77.627164,905
LOC_0050,Location_0050,VILLAGE,31.407017,75.386286,765
LOC_0051,Location_0051,SHELTER,29.256237,80.071175,731
LOC_0052,Location_0052,JUNCTION,28.894713,75.331311,875
LOC_0053,Location_0053,RESCUE_STATION,28.849454,76.037437,451
LOC_0054,Location_0054,JUNCTION,27.477268,77.690035,611
LOC_0055,Location_0055,VILLAGE,31.098449,78.446587,122
LOC_0056,Location_0056,VILLAGE,31.232306,74.248698,900
LOC_0057,Location_0057,VILLAGE,29.793843,75.703837,132
LOC_0058,Location_0058,RESCUE_STATION,29.826695,79.074433,739
LOC_0059,Location_0059,JUNCTION,31.050263,79.901319,556
LOC_0060,Location_0060,SHELTER,27.676165,79.552895,709
LOC_0061,Location_0061,SHELTER,30.362322,74.514129,431
LOC_0062,Location_0062,HOSPITAL,28.452721,76.649788,651
LOC_0063,Location_0063,SHELTER,29.385633,78.416032,534
LOC_0064,Location_0064,JUNCTION,28.302248,77.140995,329
LOC_0065,Location_0065,JUNCTION,31.461509,75.117982,66
LOC_0066,Location_0066,JUNCTION,27.332661,79.323487,674
LOC_0067,Location_0067,JUNCTION,28.22762,74.359336,273
LOC_0068,Location_0068,VILLAGE,27.335716,74.902279,755
LOC_0069,Location_0069,HOSPITAL,30.022793,74.839047,519
LOC_0070,Location_0070,RESCUE_STATION,31.255901,77.639898,879
LOC_0071,Location_0071,HOSPITAL,28.288804,75.035073,93
LOC_0072,Location_0072,JUNCTION,30.719097,76.978687,503
LOC_0073,Location_0073,VILLAGE,28.453834,76.477209,722
LOC_0074,Location_0074,RESCUE_STATION,30.556154,80.105577,361
LOC_0075,Location_0075,JUNCTION,30.656203,78.138711,477
LOC_0076,Location_0076,VILLAGE,29.960752,78.701597,387
LOC_0077,Location_0077,JUNCTION,29.356209,79.741467,964
LOC_0078,Location_0078,SHELTER,27.765745,76.999674,497
LOC_0079,Location_0079,VILLAGE,30.079877,78.190514,312
LOC_0080,Location_0080,SHELTER,31.119603,74.704117,668
LOC_0081,Location_0081,VILLAGE,27.904213,76.440132,587
LOC_0082,Location_0082,RESCUE_STATION,30.203613,79.842188,651
LOC_0083,Location_0083,JUNCTION,27.554403,77.700468,909
LOC_0084,Location_0084,JUNCTION,30.108931,74.686336,836
LOC_0085,Location_0085,SHELTER,27.858754,74.009666,953
LOC_0086,Location_0086,RESCUE_STATION,29.929297,77.227643,49
LOC_0087,Location_0087,VILLAGE,29.557761,79.321571,489
LOC_0088,Location_0088,RESCUE_STATION,28.671001,75.66423,678
LOC_0089,Location_0089,RESCUE_STATION,30.315909,79.773395,714
LOC_0090,Location_0090,HOSPITAL,30.592186,76.270866,329
LOC_0091,Location_0091,HOSPITAL,30.319999,76.710506,716
LOC_0092,Location_0092,RESCUE_STATION,30.377667,77.512924,307
LOC_0093,Location_0093,RESCUE_STATION,30.910145,76.868399,150
LOC_0094,Location_0094,JUNCTION,28.824722,79.01106,711
LOC_0095,Location_0095,JUNCTION,28.272476,75.508343,135
LOC_0096,Location_0096,SHELTER,31.211691,77.876992,901
LOC_0097,Location_0097,HOSPITAL,29.595289,74.245748,245
LOC_0098,Location_0098,VILLAGE,28.224165,80.426241,334
LOC_0099,Location_0099,HOSPITAL,27.368492,79.374527,740
LOC_0100,Location_0100,SHELTER,27.605526,74.172041,717
LOC_0101,Location_0101,SHELTER,28.979314,80.198448,357
LOC_0102,Location_0102,RESCUE_STATION,29.739749,75.994929,744
LOC_0103,Location_0103,HOSPITAL,27.993952,74.716639,804
LOC_0104,Location_0104,HOSPITAL,30.91764,77.875734,85
LOC_0105,Location_0105,HOSPITAL,29.880345,74.817679,28
LOC_0106,Location_0106,JUNCTION,28.944808,78.746222,141
LOC_0107,Location_0107,SHELTER,31.056265,78.530103,628
LOC_0108,Location_0108,JUNCTION,27.995932,80.309865,63
LOC_0109,Location_0109,VILLAGE,27.712828,76.945352,469
LOC_0110,Location_0110,VILLAGE,27.394853,78.406486,330
LOC_0111,Location_0111,SHELTER,31.07795,80.35599,226
LOC_0112,Location_0112,SHELTER,27.371146,79.856337,622
LOC_0113,Location_0113,HOSPITAL,29.143846,74.738127,470
LOC_0114,Location_0114,RESCUE_STATION,30.927484,80.276167,136
LOC_0115,Location_0115,RESCUE_STATION,27.207307,78.395433,593
LOC_0116,Location_0116,HOSPITAL,27.236193,79.736173,738
LOC_0117,Location_0117,VILLAGE,27.472181,76.023928,485
LOC_0118,Location_0118,HOSPITAL,30.582252,78.60366,952
LOC_0119,Location_0119,HOSPITAL,27.877788,74.423379,921
LOC_0120,Location_0120,SHELTER,31.109247,74.691547,703
LOC_0121,Location_0121,HOSPITAL,27.42295,75.857004,498
LOC_0122,Location_0122,HOSPITAL,27.068762,74.454119,898
LOC_0123,Location_0123,VILLAGE,29.336977,74.549878,488
LOC_0124,Location_0124,SHELTER,29.909549,75.844905,922
LOC_0125,Location_0125,SHELTER,28.265972,79.400567,217
LOC_0126,Location_0126,RESCUE_STATION,31.000719,78.958773,106
LOC_0127,Location_0127,SHELTER,31.388964,78.282995,994
LOC_0128,Location_0128,VILLAGE,27.047923,75.619288,910
LOC_0129,Location_0129,SHELTER,31.231268,74.548701,358
LOC_0130,Location_0130,JUNCTION,27.79782,75.053975,913
LOC_0131,Location_0131,JUNCTION,29.377864,79.550253,304
LOC_0132,Location_0132,HOSPITAL,27.341895,74.113632,545
LOC_0133,Location_0133,HOSPITAL,28.924962,80.156809,316
LOC_0134,Location_0134,VILLAGE,28.637484,79.609672,536
LOC_0135,Location_0135,RESCUE_STATION,30.564836,78.544248,643
LOC_0136,Location_0136,RESCUE_STATION,31.124471,76.731655,702
LOC_0137,Location_0137,VILLAGE,29.605128,75.427034,337
LOC_0138,Location_0138,SHELTER,29.864609,76.40752,786
LOC_0139,Location_0139,SHELTER,31.016126,74.203788,655
LOC_0140,Location_0140,JUNCTION,31.470263,77.039911,822
LOC_0141,Location_0141,JUNCTION,29.885039,78.567833,56
LOC_0142,Location_0142,SHELTER,27.39332,77.266349,218
LOC_0143,Location_0143,HOSPITAL,27.042493,74.964917,893
LOC_0144,Location_0144,RESCUE_STATION,31.095689,75.821079,120
LOC_0145,Location_0145,JUNCTION,27.279621,74.385789,467
LOC_0146,Location_0146,SHELTER,31.358116,77.115201,846
LOC_0147,Location_0147,HOSPITAL,28.073284,76.836829,87
LOC_0148,Location_0148,RESCUE_STATION,29.524368,74.229993,478
LOC_0149,Location_0149,HOSPITAL,27.117618,78.852993,283
LOC_0150,Location_0150,RESCUE_STATION,28.757936,80.320245,94
LOC_0151,Location_0151,SHELTER,31.465185,78.438698,673
LOC_0152,Location_0152,HOSPITAL,31.158459,78.195362,969
LOC_0153,Location_0153,VILLAGE,28.565966,76.790918,754
LOC_0154,Location_0154,HOSPITAL,29.393128,78.673601,776
LOC_0155,Location_0155,JUNCTION,28.932657,80.218996,706
LOC_0156,Location_0156,SHELTER,28.47978,74.743905,584
LOC_0157,Location_0157,SHELTER,31.452926,76.273794,671
LOC_0158,Location_0158,HOSPITAL,29.380586,75.760462,289
LOC_0159,Location_0159,RESCUE_STATION,28.459826,74.724562,999
LOC_0160,Location_0160,RESCUE_STATION,30.588366,75.073341,707
LOC_0161,Location_0161,HOSPITAL,30.307366,79.375768,383
LOC_0162,Location_0162,SHELTER,29.589326,75.588634,707
LOC_0163,Location_0163,JUNCTION,27.778671,76.127604,293
LOC_0164,Location_0164,HOSPITAL,29.205947,74.652178,33
LOC_0165,Location_0165,SHELTER,28.22863,76.594186,25
LOC_0166,Location_0166,HOSPITAL,29.997381,77.293724,665
LOC_0167,Location_0167,JUNCTION,27.630134,74.590943,778
LOC_0168,Location_0168,SHELTER,30.881763,80.26794,342
LOC_0169,Location_0169,JUNCTION,27.911251,77.42236,301
LOC_0170,Location_0170,VILLAGE,30.436957,78.890915,316
LOC_0171,Location_0171,JUNCTION,29.784068,78.278455,713
LOC_0172,Location_0172,HOSPITAL,28.865602,77.441318,31
LOC_0173,Location_0173,RESCUE_STATION,28.426119,75.705095,938
LOC_0174,Location_0174,VILLAGE,28.054492,74.717726,618
LOC_0175,Location_0175,VILLAGE,28.366091,79.798427,662
LOC_0176,Location_0176,VILLAGE,27.89532,74.262424,807
LOC_0177,Location_0177,JUNCTION,31.14888,74.701634,859
LOC_0178,Location_0178,RESCUE_STATION,30.565774,75.66628,812
LOC_0179,Location_0179,VILLAGE,29.42926,78.940838,404
LOC_0180,Location_0180,VILLAGE,27.809775,77.157073,810
LOC_0181,Location_0181,RESCUE_STATION,29.770251,75.263054,359
LOC_0182,Location_0182,HOSPITAL,31.298904,74.368763,624
LOC_0183,Location_0183,JUNCTION,27.92033,74.375925,211
LOC_0184,Location_0184,JUNCTION,27.08002,76.054353,286
LOC_0185,Location_0185,HOSPITAL,27.052081,75.580626,952
LOC_0186,Location_0186,HOSPITAL,29.558608,79.332998,101
LOC_0187,Location_0187,JUNCTION,29.967964,77.090968,126
LOC_0188,Location_0188,HOSPITAL,28.153745,76.767982,55
LOC_0189,Location_0189,HOSPITAL,29.057951,78.443584,863
LOC_0190,Location_0190,VILLAGE,31.139377,75.546172,617
LOC_0191,Location_0191,SHELTER,27.3857,77.098666,293
LOC_0192,Location_0192,VILLAGE,28.206203,74.516802,568
LOC_0193,Location_0193,JUNCTION,28.682414,79.089977,720
LOC_0194,Location_0194,JUNCTION,30.402876,80.213231,295
LOC_0195,Location_0195,JUNCTION,30.733287,77.090528,630
LOC_0196,Location_0196,RESCUE_STATION,29.881576,80.178928,549
LOC_0197,Location_0197,HOSPITAL,28.507234,79.721119,480
LOC_0198,Location_0198,HOSPITAL,31.3011,78.696777,285
LOC_0199,Location_0199,SHELTER,29.447727,74.208024,879
LOC_0200,Location_0200,SHELTER,31.091067,76.579637,468
LOC_0201,Location_0201,RESCUE_STATION,31.140618,79.228404,91
LOC_0202,Location_0202,JUNCTION,30.388951,75.455067,209
LOC_0203,Location_0203,SHELTER,27.847456,76.657392,77
LOC_0204,Location_0204,VILLAGE,27.698933,77.603179,175
LOC_0205,Location_0205,HOSPITAL,28.390705,75.511641,85
LOC_0206,Location_0206,SHELTER,30.311446,76.776305,721
LOC_0207,Location_0207,RESCUE_STATION,29.121924,75.303947,989
LOC_0208,Location_0208,VILLAGE,27.29448,79.62479,547
LOC_0209,Location_0209,RESCUE_STATION,29.23395,79.768702,912
LOC_0210,Location_0210,HOSPITAL,28.250612,76.160035,375
LOC_0211,Location_0211,SHELTER,28.786219,75.243802,60
LOC_0212,Location_0212,VILLAGE,27.229499,80.361502,482
LOC_0213,Location_0213,SHELTER,28.346264,76.834554,854
LOC_0214,Location_0214,RESCUE_STATION,28.259896,76.88888,113
LOC_0215,Location_0215,RESCUE_STATION,28.113878,77.431702,804
LOC_0216,Location_0216,SHELTER,27.077873,74.829972,54
LOC_0217,Location_0217,VILLAGE,30.897196,75.369613,333
LOC_0218,Location_0218,SHELTER,28.049199,79.617468,30
LOC_0219,Location_0219,HOSPITAL,27.479212,80.442099,216
LOC_0220,Location_0220,JUNCTION,27.79687,77.713375,333
LOC_0221,Location_0221,HOSPITAL,30.113455,78.819699,267
LOC_0222,Location_0222,HOSPITAL,29.328854,74.356171,355
LOC_0223,Location_0223,SHELTER,28.02516,74.874833,858
LOC_0224,Location_0224,RESCUE_STATION,27.237885,74.410101,501
LOC_0225,Location_0225,SHELTER,28.2568,74.73598,942
LOC_0226,Location_0226,VILLAGE,29.949269,77.602257,573
LOC_0227,Location_0227,JUNCTION,28.543198,75.561096,223
LOC_0228,Location_0228,VILLAGE,29.946692,75.31092,343
LOC_0229,Location_0229,SHELTER,27.530112,79.48487,473
LOC_0230,Location_0230,RESCUE_STATION,30.78985,74.046399,322
LOC_0231,Location_0231,SHELTER,27.078865,79.818066,389
LOC_0232,Location_0232,SHELTER,29.551978,79.199731,987
LOC_0233,Location_0233,VILLAGE,29.376293,74.775637,965
LOC_0234,Location_0234,SHELTER,29.612971,75.9846,886
LOC_0235,Location_0235,SHELTER,31.086169,79.208503,414
LOC_0236,Location_0236,SHELTER,30.829999,78.205244,848
LOC_0237,Location_0237,RESCUE_STATION,30.280439,76.282783,441
LOC_0238,Location_0238,JUNCTION,30.43952,80.449346,272
LOC_0239,Location_0239,SHELTER,29.612024,76.905582,688
LOC_0240,Location_0240,HOSPITAL,29.150567,75.652188,484
LOC_0241,Location_0241,SHELTER,31.349809,77.65625,375
LOC_0242,Location_0242,RESCUE_STATION,28.537669,80.099327,220
LOC_0243,Location_0243,VILLAGE,31.496262,75.703142,900
LOC_0244,Location_0244,HOSPITAL,27.39295,77.569086,805
LOC_0245,Location_0245,HOSPITAL,31.155238,78.573764,184
LOC_0246,Location_0246,JUNCTION,30.4961,80.413002,681
LOC_0247,Location_0247,SHELTER,29.293551,74.298894,800
LOC_0248,Location_0248,JUNCTION,28.254072,78.011549,671
LOC_0249,Location_0249,HOSPITAL,28.193261,78.854514,406
LOC_0250,Location_0250,HOSPITAL,29.039275,79.946362,458
LOC_0251,Location_0251,JUNCTION,28.724409,77.646441,473
LOC_0252,Location_0252,JUNCTION,31.080343,79.241075,190
LOC_0253,Location_0253,JUNCTION,29.698649,76.496673,872
LOC_0254,Location_0254,JUNCTION,29.024753,77.127632,453
LOC_0255,Location_0255,RESCUE_STATION,29.421086,75.733378,495
LOC_0256,Location_0256,VILLAGE,27.128988,76.302787,826
LOC_0257,Location_0257,VILLAGE,30.544307,75.325337,895
LOC_0258,Location_0258,JUNCTION,28.682815,79.85439,173
LOC_0259,Location_0259,JUNCTION,27.389783,74.371384,855
LOC_0260,Location_0260,RESCUE_STATION,28.605048,78.256175,748
LOC_0261,Location_0261,SHELTER,27.975588,79.84291,815
LOC_0262,Location_0262,VILLAGE,28.896122,77.773953,154
LOC_0263,Location_0263,RESCUE_STATION,31.346485,79.43231,229
LOC_0264,Location_0264,SHELTER,29.582013,74.205241,289
LOC_0265,Location_0265,SHELTER,28.250169,78.430559,837
LOC_0266,Location_0266,HOSPITAL,27.95413,78.276056,77
LOC_0267,Location_0267,VILLAGE,27.687245,74.641686,440
LOC_0268,Location_0268,HOSPITAL,28.300889,79.070211,53
LOC_0269,Location_0269,VILLAGE,27.736271,79.232088,704
LOC_0270,Location_0270,VILLAGE,27.144591,76.728634,240
LOC_0271,Location_0271,VILLAGE,29.656437,75.58533,295
LOC_0272,Location_0272,VILLAGE,27.269724,76.256544,326
LOC_0273,Location_0273,JUNCTION,30.334329,76.320861,622
LOC_0274,Location_0274,HOSPITAL,29.357044,78.892473,968
LOC_0275,Location_0275,HOSPITAL,29.458658,79.604469,228
LOC_0276,Location_0276,VILLAGE,31.362088,77.655306,677
LOC_0277,Location_0277,JUNCTION,27.81211,79.47119,310
LOC_0278,Location_0278,SHELTER,29.90971,79.155153,707
LOC_0279,Location_0279,VILLAGE,29.772919,74.874193,762
LOC_0280,Location_0280,RESCUE_STATION,30.092008,76.937121,318
LOC_0281,Location_0281,RESCUE_STATION,28.2539,80.447071,685
LOC_0282,Location_0282,RESCUE_STATION,28.340717,77.222989,116
LOC_0283,Location_0283,VILLAGE,27.571227,80.04669,858
LOC_0284,Location_0284,HOSPITAL,27.699784,78.838615,307
LOC_0285,Location_0285,SHELTER,28.751264,77.807195,753
LOC_0286,Location_0286,RESCUE_STATION,29.483289,75.676519,655
LOC_0287,Location_0287,VILLAGE,29.647287,78.236045,70
LOC_0288,Location_0288,RESCUE_STATION,27.222759,77.92048,450
LOC_0289,Location_0289,VILLAGE,28.049355,75.14308,567
LOC_0290,Location_0290,SHELTER,29.811216,80.372806,498
LOC_0291,Location_0291,RESCUE_STATION,28.488792,74.753898,221
LOC_0292,Location_0292,SHELTER,31.18924,74.141148,172
LOC_0293,Location_0293,RESCUE_STATION,31.044052,74.620748,545
LOC_0294,Location_0294,HOSPITAL,30.461134,78.537702,454
LOC_0295,Location_0295,HOSPITAL,31.347562,74.545261,518
LOC_0296,Location_0296,RESCUE_STATION,30.384641,76.929879,667
LOC_0297,Location_0297,HOSPITAL,29.115246,78.515109,627
LOC_0298,Location_0298,JUNCTION,27.650301,79.375861,682
LOC_0299,Location_0299,RESCUE_STATION,28.826174,75.269553,197
LOC_0300,Location_0300,VILLAGE,30.22126,76.29986,912
LOC_0301,Location_0301,JUNCTION,27.323337,77.955254,586
LOC_0302,Location_0302,SHELTER,29.178305,79.803122,530
LOC_0303,Location_0303,VILLAGE,27.787952,75.771817,428
LOC_0304,Location_0304,RESCUE_STATION,27.78266,75.868307,424
LOC_0305,Location_0305,RESCUE_STATION,27.728459,75.723369,304
LOC_0306,Location_0306,RESCUE_STATION,31.43905,75.345165,685
LOC_0307,Location_0307,HOSPITAL,28.831388,77.663495,365
LOC_0308,Location_0308,JUNCTION,29.422721,74.951708,427
LOC_0309,Location_0309,HOSPITAL,29.060369,74.59604,558
LOC_0310,Location_0310,HOSPITAL,28.412427,75.305904,795
LOC_0311,Location_0311,VILLAGE,28.822537,79.586125,281
LOC_0312,Location_0312,SHELTER,30.96873,75.454056,557
LOC_0313,Location_0313,VILLAGE,27.522045,80.191333,594
LOC_0314,Location_0314,RESCUE_STATION,29.749609,77.224852,850
LOC_0315,Location_0315,JUNCTION,30.61576,77.487105,674
LOC_0316,Location_0316,JUNCTION,27.454813,77.85029,86
LOC_0317,Location_0317,VILLAGE,28.569758,78.837176,111
LOC_0318,Location_0318,HOSPITAL,27.024531,77.061151,873
LOC_0319,Location_0319,SHELTER,28.557814,75.237544,130
LOC_0320,Location_0320,VILLAGE,27.77287,74.538088,325
LOC_0321,Location_0321,JUNCTION,31.218694,74.857922,217
LOC_0322,Location_0322,JUNCTION,30.926901,77.631733,199
LOC_0323,Location_0323,HOSPITAL,30.751464,78.441456,475
LOC_0324,Location_0324,VILLAGE,28.537179,74.949015,85
LOC_0325,Location_0325,VILLAGE,29.582068,77.374628,430
LOC_0326,Location_0326,HOSPITAL,29.854333,79.44154,164
LOC_0327,Location_0327,JUNCTION,30.976313,76.280072,566
LOC_0328,Location_0328,VILLAGE,31.102014,78.515139,577
LOC_0329,Location_0329,VILLAGE,27.048757,74.252252,903
LOC_0330,Location_0330,HOSPITAL,29.56489,80.371112,332
LOC_0331,Location_0331,RESCUE_STATION,31.374935,79.724001,791
LOC_0332,Location_0332,JUNCTION,29.287531,79.652418,693
LOC_0333,Location_0333,JUNCTION,28.516461,75.054741,478
LOC_0334,Location_0334,VILLAGE,30.592983,76.503691,888
LOC_0335,Location_0335,JUNCTION,29.712879,75.422948,734
LOC_0336,Location_0336,HOSPITAL,29.478222,78.215588,239
LOC_0337,Location_0337,SHELTER,28.51516,77.830489,541
LOC_0338,Location_0338,RESCUE_STATION,31.24277,78.470718,348
LOC_0339,Location_0339,HOSPITAL,31.10349,76.837024,844
LOC_0340,Location_0340,SHELTER,30.298542,74.230694,296
LOC_0341,Location_0341,VILLAGE,30.175914,78.604427,860
LOC_0342,Location_0342,JUNCTION,28.589626,77.365209,681
LOC_0343,Location_0343,JUNCTION,30.757333,79.685807,64
LOC_0344,Location_0344,JUNCTION,31.341866,76.39052,679
LOC_0345,Location_0345,JUNCTION,30.668444,80.140832,859
LOC_0346,Location_0346,RESCUE_STATION,27.186935,77.24158,828
LOC_0347,Location_0347,RESCUE_STATION,28.224685,78.712124,115
LOC_0348,Location_0348,SHELTER,28.646394,78.695666,148
LOC_0349,Location_0349,JUNCTION,28.159982,78.930764,321
LOC_0350,Location_0350,HOSPITAL,30.223453,78.958377,73
LOC_0351,Location_0351,HOSPITAL,30.696849,77.128245,964
LOC_0352,Location_0352,SHELTER,28.146801,78.459831,966
LOC_0353,Location_0353,SHELTER,31.440858,75.046345,212
LOC_0354,Location_0354,SHELTER,29.391127,74.623431,500
LOC_0355,Location_0355,SHELTER,29.414345,76.156651,438
LOC_0356,Location_0356,SHELTER,28.653751,75.242758,826
LOC_0357,Location_0357,SHELTER,27.225489,79.407517,766
LOC_0358,Location_0358,RESCUE_STATION,29.179866,76.505773,34
LOC_0359,Location_0359,RESCUE_STATION,29.964996,78.675844,970
LOC_0360,Location_0360,JUNCTION,28.849387,79.533611,153
LOC_0361,Location_0361,SHELTER,27.629494,75.68442,986
LOC_0362,Location_0362,HOSPITAL,28.881215,78.799417,294
LOC_0363,Location_0363,SHELTER,28.67759,76.63717,469
LOC_0364,Location_0364,SHELTER,30.625787,76.391155,448
LOC_0365,Location_0365,HOSPITAL,30.778535,80.454018,778
LOC_0366,Location_0366,VILLAGE,29.438681,76.032401,539
LOC_0367,Location_0367,VILLAGE,28.351813,77.958416,469
LOC_0368,Location_0368,VILLAGE,30.184287,79.900914,568
LOC_0369,Location_0369,JUNCTION,28.191712,79.14068,88
LOC_0370,Location_0370,JUNCTION,27.122847,77.131368,82
LOC_0371,Location_0371,JUNCTION,31.130524,77.452477,362
LOC_0372,Location_0372,HOSPITAL,28.017906,76.197328,866
LOC_0373,Location_0373,VILLAGE,30.847903,77.38616,743
LOC_0374,Location_0374,JUNCTION,29.638065,79.206389,278
LOC_0375,Location_0375,VILLAGE,27.833302,74.035008,962
LOC_0376,Location_0376,SHELTER,30.765794,78.12247,402
LOC_0377,Location_0377,HOSPITAL,31.196878,79.708043,1000
LOC_0378,Location_0378,VILLAGE,29.36088,74.077266,943
LOC_0379,Location_0379,JUNCTION,28.956567,77.452396,707
LOC_0380,Location_0380,HOSPITAL,29.7443,79.990381,642
LOC_0381,Location_0381,JUNCTION,31.144899,74.364073,254
LOC_0382,Location_0382,JUNCTION,27.695514,76.08258,347
LOC_0383,Location_0383,VILLAGE,29.679772,76.037267,885
LOC_0384,Location_0384,VILLAGE,30.945564,78.366667,483
LOC_0385,Location_0385,JUNCTION,30.692235,79.274451,286
LOC_0386,Location_0386,RESCUE_STATION,30.372282,76.958851,110
LOC_0387,Location_0387,JUNCTION,27.415028,79.757128,331
LOC_0388,Location_0388,RESCUE_STATION,27.284681,74.154501,458
LOC_0389,Location_0389,SHELTER,31.473939,75.607344,884
LOC_0390,Location_0390,HOSPITAL,27.964258,78.94745,135
LOC_0391,Location_0391,HOSPITAL,27.821604,74.391092,948
LOC_0392,Location_0392,HOSPITAL,27.000119,74.399952,484
LOC_0393,Location_0393,RESCUE_STATION,27.916344,77.897529,38
LOC_0394,Location_0394,HOSPITAL,29.438968,78.247281,90
LOC_0395,Location_0395,JUNCTION,30.474625,74.7781,785
LOC_0396,Location_0396,HOSPITAL,29.257889,76.88075,609
LOC_0397,Location_0397,JUNCTION,28.071581,79.619592,229
LOC_0398,Location_0398,HOSPITAL,27.761001,74.245232,869
LOC_0399,Location_0399,JUNCTION,27.086297,77.485781,518
LOC_0400,Location_0400,RESCUE_STATION,30.089104,77.164928,231
LOC_0401,Location_0401,JUNCTION,30.46237,77.041744,362
LOC_0402,Location_0402,SHELTER,27.731084,80.450392,698
LOC_0403,Location_0403,RESCUE_STATION,30.122902,75.035274,573
LOC_0404,Location_0404,SHELTER,30.984052,74.663772,627
LOC_0405,Location_0405,SHELTER,29.355783,78.073557,807
LOC_0406,Location_0406,HOSPITAL,30.476488,77.553159,198
LOC_0407,Location_0407,HOSPITAL,27.802889,77.996245,765
LOC_0408,Location_0408,VILLAGE,30.956247,75.106732,659
LOC_0409,Location_0409,VILLAGE,29.341598,76.359093,896
LOC_0410,Location_0410,VILLAGE,30.1108,77.312284,251
LOC_0411,Location_0411,RESCUE_STATION,30.626382,79.170003,674
LOC_0412,Location_0412,SHELTER,28.481185,74.246498,403
LOC_0413,Location_0413,SHELTER,28.04386,74.376806,137
LOC_0414,Location_0414,RESCUE_STATION,31.471238,78.468767,148
LOC_0415,Location_0415,VILLAGE,29.984508,79.664881,82
LOC_0416,Location_0416,VILLAGE,29.348815,77.780069,605
LOC_0417,Location_0417,JUNCTION,27.643979,78.632287,719
LOC_0418,Location_0418,HOSPITAL,30.387503,80.470212,633
LOC_0419,Location_0419,SHELTER,30.637873,80.031666,793
LOC_0420,Location_0420,SHELTER,27.56394,78.380131,601
LOC_0421,Location_0421,JUNCTION,27.196174,77.113218,640
LOC_0422,Location_0422,JUNCTION,31.105704,76.9294,527
LOC_0423,Location_0423,RESCUE_STATION,29.966694,74.413259,243
LOC_0424,Location_0424,JUNCTION,30.740197,75.175525,473
LOC_0425,Location_0425,JUNCTION,31.394217,74.737694,218
LOC_0426,Location_0426,HOSPITAL,28.322609,77.867186,260
LOC_0427,Location_0427,HOSPITAL,30.372421,79.591084,957
LOC_0428,Location_0428,HOSPITAL,29.766329,80.498842,524
LOC_0429,Location_0429,JUNCTION,30.838128,76.239398,854
LOC_0430,Location_0430,VILLAGE,28.381027,75.954008,176
LOC_0431,Location_0431,JUNCTION,27.310879,77.549501,522
LOC_0432,Location_0432,JUNCTION,28.623829,79.902642,602
LOC_0433,Location_0433,VILLAGE,28.94181,79.780572,566
LOC_0434,Location_0434,JUNCTION,29.01958,75.596373,508
LOC_0435,Location_0435,JUNCTION,30.866117,79.803279,191
LOC_0436,Location_0436,JUNCTION,30.072913,76.371483,110
LOC_0437,Location_0437,VILLAGE,31.288018,75.796034,891
LOC_0438,Location_0438,RESCUE_STATION,30.181187,80.002252,641
LOC_0439,Location_0439,JUNCTION,27.969573,75.019573,968
LOC_0440,Location_0440,JUNCTION,29.480852,75.684882,256
LOC_0441,Location_0441,SHELTER,30.650376,75.212262,225
LOC_0442,Location_0442,JUNCTION,29.835415,77.342942,322
LOC_0443,Location_0443,HOSPITAL,27.578944,75.247498,346
LOC_0444,Location_0444,HOSPITAL,29.758725,78.929847,751
LOC_0445,Location_0445,HOSPITAL,29.038558,76.30965,304
LOC_0446,Location_0446,VILLAGE,29.219539,76.918209,639
LOC_0447,Location_0447,RESCUE_STATION,28.584563,80.401746,36
LOC_0448,Location_0448,SHELTER,28.062411,79.003307,156
LOC_0449,Location_0449,HOSPITAL,29.317304,75.771698,681
LOC_0450,Location_0450,JUNCTION,30.579854,75.381405,506
LOC_0451,Location_0451,RESCUE_STATION,27.748022,75.857131,955
LOC_0452,Location_0452,JUNCTION,28.121721,79.745774,75
LOC_0453,Location_0453,SHELTER,27.438511,76.888188,891
LOC_0454,Location_0454,JUNCTION,27.062008,76.49756,330
LOC_0455,Location_0455,SHELTER,27.949907,77.169711,308
LOC_0456,Location_0456,SHELTER,28.182244,80.475822,954
LOC_0457,Location_0457,SHELTER,28.109752,75.874062,194
LOC_0458,Location_0458,VILLAGE,30.719633,78.708941,782
LOC_0459,Location_0459,HOSPITAL,27.901031,74.465023,923
LOC_0460,Location_0460,JUNCTION,30.818619,78.908908,955
LOC_0461,Location_0461,JUNCTION,29.783618,79.825157,168
LOC_0462,Location_0462,RESCUE_STATION,30.358463,79.02224,210
LOC_0463,Location_0463,HOSPITAL,29.1565,77.1923,158
LOC_0464,Location_0464,RESCUE_STATION,28.672954,80.404443,117
LOC_0465,Location_0465,JUNCTION,30.354517,76.397042,336
LOC_0466,Location_0466,VILLAGE,31.465925,75.682525,784
LOC_0467,Location_0467,HOSPITAL,30.686624,77.21698,504
LOC_0468,Location_0468,HOSPITAL,30.094169,79.355436,217
LOC_0469,Location_0469,HOSPITAL,30.344456,76.617047,894
LOC_0470,Location_0470,VILLAGE,30.533269,77.637358,641
LOC_0471,Location_0471,SHELTER,29.214001,79.796791,821
LOC_0472,Location_0472,VILLAGE,30.985173,75.324476,117
LOC_0473,Location_0473,HOSPITAL,31.371344,77.545724,156
LOC_0474,Location_0474,HOSPITAL,31.464298,80.122178,927
LOC_0475,Location_0475,HOSPITAL,29.028736,76.79231,873
LOC_0476,Location_0476,JUNCTION,27.897223,77.674511,892
LOC_0477,Location_0477,VILLAGE,31.278374,76.983485,985
LOC_0478,Location_0478,HOSPITAL,30.859605,77.493924,859
LOC_0479,Location_0479,SHELTER,30.142576,78.985015,201
LOC_0480,Location_0480,VILLAGE,29.442624,77.618201,530
LOC_0481,Location_0481,HOSPITAL,28.244647,78.171495,163
LOC_0482,Location_0482,VILLAGE,29.677542,74.52285,577
LOC_0483,Location_0483,JUNCTION,30.721345,77.800836,680
LOC_0484,Location_0484,SHELTER,27.205355,78.052159,438
LOC_0485,Location_0485,HOSPITAL,27.533448,76.649306,133
LOC_0486,Location_0486,RESCUE_STATION,29.57414,79.699052,411
LOC_0487,Location_0487,VILLAGE,27.689766,80.47621,818
LOC_0488,Location_0488,HOSPITAL,30.082741,77.407111,268
LOC_0489,Location_0489,SHELTER,30.547415,76.415026,87
LOC_0490,Location_0490,JUNCTION,28.122118,77.082544,608
LOC_0491,Location_0491,JUNCTION,27.672739,79.390751,549
LOC_0492,Location_0492,JUNCTION,29.412678,75.846596,514
LOC_0493,Location_0493,SHELTER,27.549588,75.936221,420
LOC_0494,Location_0494,RESCUE_STATION,29.896245,76.283745,107
LOC_0495,Location_0495,JUNCTION,30.362853,77.484337,584
LOC_0496,Location_0496,VILLAGE,29.36703,78.756017,32
LOC_0497,Location_0497,RESCUE_STATION,30.265396,78.836105,494
LOC_0498,Location_0498,HOSPITAL,31.214064,80.000076,397
LOC_0499,Location_0499,JUNCTION,29.494244,76.678128,583
LOC_0500,Location_0500,VILLAGE,29.683987,74.355358,793
