resource_id,type,location_id,capability,availability
RES_0001,Shelter,LOC_100,Heavy,Unavailable
RES_0002,Rescue,LOC_061,Emergency,Unavailable
RES_0003,Shelter,LOC_016,Advanced,Unavailable
RES_0004,Medical,LOC_045,General,Busy
RES_0005,Rescue,LOC_085,General,Busy
RES_0006,Communication,LOC_074,Basic,Busy
RES_0007,Medical,LOC_098,Basic,Unavailable
RES_0008,Communication,LOC_006,Advanced,Available
RES_0009,Transport,LOC_088,Emergency,Unavailable
RES_0010,Food,LOC_041,Heavy,Unavailable
RES_0011,Rescue,LOC_093,Heavy,Available
RES_0012,Communication,LOC_098,Emergency,Available
RES_0013,Communication,LOC_047,Emergency,Busy
RES_0014,Rescue,LOC_058,Emergency,Busy
RES_0015,Medical,LOC_082,Heavy,Available
RES_0016,Shelter,LOC_078,Heavy,Available
RES_0017,Communication,LOC_026,Specialized,Unavailable
RES_0018,Medical,LOC_036,Basic,Busy
RES_0019,Shelter,LOC_039,Basic,Available
RES_0020,Transport,LOC_079,Specialized,Busy
RES_0021,Medical,LOC_057,Heavy,Busy
RES_0022,Medical,LOC_024,Advanced,Busy
RES_0023,Shelter,LOC_068,Basic,Busy
RES_0024,Shelter,LOC_004,Advanced,Busy
RES_0025,Food,LOC_017,Basic,Unavailable
RES_0026,Communication,LOC_085,Advanced,Busy
RES_0027,Transport,LOC_063,Emergency,Busy
RES_0028,Communication,LOC_065,Heavy,Available
RES_0029,Shelter,LOC_048,Heavy,Unavailable
RES_0030,Medical,LOC_044,Basic,Busy
RES_0031,Food,LOC_080,Basic,Available
RES_0032,Medical,LOC_046,General,Available
RES_0033,Shelter,LOC_066,Advanced,Unavailable
RES_0034,Rescue,LOC_065,Basic,Unavailable
RES_0035,Shelter,LOC_035,Basic,Unavailable
RES_0036,Medical,LOC_092,Basic,Available
RES_0037,Shelter,LOC_065,Emergency,Unavailable
RES_0038,Shelter,LOC_002,Specialized,Available
RES_0039,Food,LOC_048,Emergency,Available
RES_0040,Transport,LOC_095,Basic,Unavailable
RES_0041,Shelter,LOC_018,Heavy,Available
RES_0042,Communication,LOC_097,Emergency,Busy
RES_0043,Communication,LOC_048,Emergency,Unavailable
RES_0044,Communication,LOC_069,Emergency,Busy
RES_0045,Rescue,LOC_006,Specialized,Available
RES_0046,Transport,LOC_096,Basic,Unavailable
RES_0047,Transport,LOC_083,General,Unavailable
RES_0048,Rescue,LOC_013,Specialized,Available
RES_0049,Rescue,LOC_020,Advanced,Unavailable
RES_0050,Transport,LOC_020,Emergency,Busy
RES_0051,Medical,LOC_099,Heavy,Available
RES_0052,Food,LOC_082,Heavy,Busy
RES_0053,Communication,LOC_045,Specialized,Busy
RES_0054,Communication,LOC_073,Basic,Busy
RES_0055,Medical,LOC_033,Basic,Available
RES_0056,Communication,LOC_027,Specialized,Busy
RES_0057,Communication,LOC_017,Advanced,Available
RES_0058,Communication,LOC_029,General,Unavailable
RES_0059,Shelter,LOC_032,General,Unavailable
RES_0060,Shelter,LOC_014,Emergency,Busy
RES_0061,Communication,LOC_014,Heavy,Unavailable
RES_0062,Medical,LOC_099,Heavy,Busy
RES_0063,Communication,LOC_061,General,Unavailable
RES_0064,Shelter,LOC_100,General,Unavailable
RES_0065,Medical,LOC_035,Advanced,Busy
RES_0066,Communication,LOC_024,General,Busy
RES_0067,Medical,LOC_075,Emergency,Busy
RES_0068,Rescue,LOC_077,Heavy,Available
RES_0069,Transport,LOC_026,Advanced,Busy
RES_0070,Food,LOC_017,Heavy,Available
RES_0071,Food,LOC_028,Emergency,Unavailable
RES_0072,Shelter,LOC_005,Heavy,Available
RES_0073,Communication,LOC_062,Emergency,Unavailable
RES_0074,Food,LOC_073,Advanced,Busy
RES_0075,Food,LOC_032,Specialized,Unavailable
RES_0076,Medical,LOC_057,Emergency,Busy
RES_0077,Food,LOC_096,Specialized,Available
RES_0078,Medical,LOC_047,Specialized,Unavailable
RES_0079,Medical,LOC_069,Basic,Busy
RES_0080,Communication,LOC_078,Basic,Unavailable
RES_0081,Food,LOC_004,General,Available
RES_0082,Transport,LOC_017,Basic,Unavailable
RES_0083,Food,LOC_065,General,Available
RES_0084,Shelter,LOC_044,Heavy,Busy
RES_0085,Rescue,LOC_099,Basic,Unavailable
RES_0086,Food,LOC_042,Specialized,Unavailable
RES_0087,Communication,LOC_011,Advanced,Busy
RES_0088,Shelter,LOC_007,Basic,Unavailable
RES_0089,Food,LOC_098,Emergency,Busy
RES_0090,Shelter,LOC_038,Specialized,Unavailable
RES_0091,Communication,LOC_068,General,Unavailable
RES_0092,Transport,LOC_077,Specialized,Unavailable
RES_0093,Rescue,LOC_085,Specialized,Busy
RES_0094,Shelter,LOC_013,Advanced,Available
RES_0095,Communication,LOC_096,Heavy,Available
RES_0096,Rescue,LOC_036,General,Available
RES_0097,Shelter,LOC_074,Emergency,Available
RES_0098,Medical,LOC_082,Basic,Unavailable
RES_0099,Communication,LOC_035,Emergency,Available
RES_0100,Shelter,LOC_089,Heavy,Available
RES_0101,Shelter,LOC_080,Advanced,Unavailable
RES_0102,Rescue,LOC_061,General,Available
RES_0103,Rescue,LOC_051,Specialized,Busy
RES_0104,Food,LOC_048,Heavy,Busy
RES_0105,Transport,LOC_063,Basic,Available
RES_0106,Communication,LOC_096,Specialized,Unavailable
RES_0107,Shelter,LOC_032,Heavy,Available
RES_0108,Medical,LOC_010,Basic,Available
RES_0109,Communication,LOC_035,Heavy,Busy
RES_0110,Transport,LOC_015,Emergency,Available
RES_0111,Transport,LOC_036,Heavy,Busy
RES_0112,Communication,LOC_018,General,Unavailable
RES_0113,Shelter,LOC_014,General,Unavailable
RES_0114,Transport,LOC_027,Emergency,Unavailable
RES_0115,Shelter,LOC_042,General,Available
RES_0116,Food,LOC_016,Heavy,Available
RES_0117,Food,LOC_057,Specialized,Unavailable
RES_0118,Shelter,LOC_025,Advanced,Unavailable
RES_0119,Shelter,LOC_059,Emergency,Unavailable
RES_0120,Shelter,LOC_044,Specialized,Busy
RES_0121,Food,LOC_025,Emergency,Busy
RES_0122,Shelter,LOC_042,Specialized,Available
RES_0123,Shelter,LOC_061,Basic,Busy
RES_0124,Food,LOC_030,Basic,Available
RES_0125,Shelter,LOC_042,Basic,Unavailable
RES_0126,Rescue,LOC_006,Emergency,Busy
RES_0127,Shelter,LOC_093,General,Available
RES_0128,Medical,LOC_019,Basic,Available
RES_0129,Shelter,LOC_056,Heavy,Busy
RES_0130,Medical,LOC_073,Basic,Available
RES_0131,Medical,LOC_011,Emergency,Available
RES_0132,Communication,LOC_059,Heavy,Unavailable
RES_0133,Rescue,LOC_032,Basic,Unavailable
RES_0134,Food,LOC_042,General,Available
RES_0135,Rescue,LOC_051,General,Available
RES_0136,Shelter,LOC_086,General,Available
RES_0137,Food,LOC_044,Emergency,Available
RES_0138,Rescue,LOC_040,General,Unavailable
RES_0139,Rescue,LOC_094,Advanced,Available
RES_0140,Food,LOC_034,Heavy,Available
RES_0141,Communication,LOC_050,General,Unavailable
RES_0142,Communication,LOC_049,Specialized,Available
RES_0143,Shelter,LOC_022,Basic,Busy
RES_0144,Transport,LOC_080,Specialized,Unavailable
RES_0145,Shelter,LOC_047,Emergency,Busy
RES_0146,Rescue,LOC_034,General,Available
RES_0147,Food,LOC_014,General,Busy
RES_0148,Communication,LOC_032,Heavy,Unavailable
RES_0149,Transport,LOC_090,General,Unavailable
RES_0150,Transport,LOC_076,Specialized,Busy
RES_0151,Medical,LOC_081,Specialized,Unavailable
RES_0152,Medical,LOC_022,Basic,Available
RES_0153,Rescue,LOC_033,Basic,Busy
RES_0154,Shelter,LOC_013,Emergency,Available
RES_0155,Medical,LOC_027,General,Busy
RES_0156,Transport,LOC_008,General,Busy
RES_0157,Food,LOC_024,Emergency,Unavailable
RES_0158,Rescue,LOC_001,Specialized,Unavailable
RES_0159,Food,LOC_037,Basic,Unavailable
RES_0160,Shelter,LOC_066,Basic,Busy
RES_0161,Rescue,LOC_081,Emergency,Available
RES_0162,Food,LOC_019,Basic,Available
RES_0163,Food,LOC_047,Basic,Unavailable
RES_0164,Shelter,LOC_046,Basic,Busy
RES_0165,Rescue,LOC_090,Specialized,Unavailable
RES_0166,Transport,LOC_078,Specialized,Unavailable
RES_0167,Communication,LOC_057,Basic,Busy
RES_0168,Food,LOC_034,Basic,Available
RES_0169,Rescue,LOC_066,Basic,Busy
RES_0170,Shelter,LOC_032,Advanced,Available
RES_0171,Food,LOC_038,Advanced,Unavailable
RES_0172,Transport,LOC_085,Heavy,Busy
RES_0173,Shelter,LOC_091,Heavy,Unavailable
RES_0174,Rescue,LOC_063,Emergency,Busy
RES_0175,Medical,LOC_088,Heavy,Busy
RES_0176,Shelter,LOC_052,Basic,Unavailable
RES_0177,Food,LOC_015,Heavy,Available
RES_0178,Medical,LOC_058,Heavy,Available
RES_0179,Communication,LOC_003,Basic,Busy
RES_0180,Medical,LOC_020,Specialized,Unavailable
RES_0181,Medical,LOC_010,General,Unavailable
RES_0182,Communication,LOC_012,Basic,Unavailable
RES_0183,Rescue,LOC_077,Advanced,Busy
RES_0184,Rescue,LOC_031,Emergency,Unavailable
RES_0185,Transport,LOC_048,General,Busy
RES_0186,Communication,LOC_068,Heavy,Busy
RES_0187,Transport,LOC_063,General,Available
RES_0188,Food,LOC_055,General,Unavailable
RES_0189,Transport,LOC_080,Basic,Available
RES_0190,Transport,LOC_004,Advanced,Busy
RES_0191,Transport,LOC_058,Advanced,Available
RES_0192,Rescue,LOC_082,Specialized,Unavailable
RES_0193,Medical,LOC_048,Specialized,Available
RES_0194,Food,LOC_016,Emergency,Available
RES_0195,Communication,LOC_069,Heavy,Unavailable
RES_0196,Medical,LOC_015,Heavy,Busy
RES_0197,Food,LOC_011,Basic,Busy
RES_0198,Shelter,LOC_066,Basic,Busy
RES_0199,Food,LOC_034,Specialized,Unavailable
RES_0200,Transport,LOC_018,Heavy,Busy
RES_0201,Shelter,LOC_004,Basic,Available
RES_0202,Rescue,LOC_078,Advanced,Busy
RES_0203,Shelter,LOC_043,Specialized,Unavailable
RES_0204,Shelter,LOC_045,Heavy,Unavailable
RES_0205,Food,LOC_024,Advanced,Busy
RES_0206,Rescue,LOC_072,Heavy,Unavailable
RES_0207,Transport,LOC_061,Emergency,Busy
RES_0208,Communication,LOC_099,Basic,Busy
RES_0209,Rescue,LOC_003,Heavy,Busy
RES_0210,Transport,LOC_040,Basic,Unavailable
RES_0211,Communication,LOC_029,Heavy,Available
RES_0212,Food,LOC_076,Specialized,Available
RES_0213,Rescue,LOC_078,General,Busy
RES_0214,Medical,LOC_077,Emergency,Busy
RES_0215,Food,LOC_060,Specialized,Unavailable
RES_0216,Shelter,LOC_003,General,Available
RES_0217,Communication,LOC_083,Basic,Available
RES_0218,Food,LOC_071,Heavy,Available
RES_0219,Communication,LOC_033,Basic,Unavailable
RES_0220,Communication,LOC_091,General,Busy
RES_0221,Transport,LOC_065,Advanced,Busy
RES_0222,Communication,LOC_047,Heavy,Busy
RES_0223,Rescue,LOC_096,Basic,Busy
RES_0224,Communication,LOC_024,General,Unavailable
RES_0225,Food,LOC_095,Advanced,Unavailable
RES_0226,Shelter,LOC_030,Emergency,Available
RES_0227,Food,LOC_002,Emergency,Unavailable
RES_0228,Food,LOC_023,Specialized,Unavailable
RES_0229,Transport,LOC_033,Advanced,Available
RES_0230,Food,LOC_022,Heavy,Available
RES_0231,Rescue,LOC_075,General,Unavailable
RES_0232,Transport,LOC_055,Specialized,Unavailable
RES_0233,Medical,LOC_057,Emergency,Busy
RES_0234,Food,LOC_068,Advanced,Busy
RES_0235,Transport,LOC_024,Specialized,Available
RES_0236,Communication,LOC_040,General,Unavailable
RES_0237,Shelter,LOC_050,Basic,Available
RES_0238,Transport,LOC_094,Advanced,Unavailable
RES_0239,Communication,LOC_052,General,Available
RES_0240,Rescue,LOC_055,Advanced,Busy
RES_0241,Communication,LOC_005,Heavy,Unavailable
RES_0242,Medical,LOC_005,General,Busy
RES_0243,Shelter,LOC_037,Specialized,Busy
RES_0244,Food,LOC_038,Emergency,Unavailable
RES_0245,Rescue,LOC_053,General,Busy
RES_0246,Communication,LOC_088,Basic,Unavailable
RES_0247,Transport,LOC_036,Advanced,Unavailable
RES_0248,Medical,LOC_009,Heavy,Available
RES_0249,Communication,LOC_021,Basic,Available
RES_0250,Shelter,LOC_011,Emergency,Busy
RES_0251,Food,LOC_091,Basic,Busy
RES_0252,Shelter,LOC_013,Advanced,Unavailable
RES_0253,Shelter,LOC_092,General,Available
RES_0254,Rescue,LOC_070,Specialized,Unavailable
RES_0255,Medical,LOC_030,Emergency,Unavailable
RES_0256,Rescue,LOC_073,Heavy,Unavailable
RES_0257,Rescue,LOC_075,Specialized,Available
RES_0258,Communication,LOC_008,General,Busy
RES_0259,Rescue,LOC_092,General,Available
RES_0260,Transport,LOC_074,Emergency,Busy
RES_0261,Medical,LOC_094,Basic,Busy
RES_0262,Medical,LOC_068,Heavy,Busy
RES_0263,Transport,LOC_027,Basic,Available
RES_0264,Food,LOC_064,Advanced,Busy
RES_0265,Medical,LOC_075,Specialized,Busy
RES_0266,Communication,LOC_056,Emergency,Unavailable
RES_0267,Transport,LOC_002,Emergency,Available
RES_0268,Food,LOC_005,General,Unavailable
RES_0269,Communication,LOC_001,Basic,Unavailable
RES_0270,Shelter,LOC_014,Emergency,Busy
RES_0271,Medical,LOC_099,Specialized,Unavailable
RES_0272,Transport,LOC_025,Emergency,Available
RES_0273,Transport,LOC_044,Advanced,Available
RES_0274,Transport,LOC_075,General,Busy
RES_0275,Medical,LOC_082,General,Available
RES_0276,Food,LOC_087,Emergency,Unavailable
RES_0277,Food,LOC_013,Emergency,Available
RES_0278,Shelter,LOC_089,Specialized,Unavailable
RES_0279,Shelter,LOC_068,Heavy,Busy
RES_0280,Transport,LOC_020,Advanced,Available
RES_0281,Medical,LOC_023,Heavy,Busy
RES_0282,Medical,LOC_051,Heavy,Unavailable
RES_0283,Communication,LOC_093,Specialized,Available
RES_0284,Medical,LOC_009,Basic,Available
RES_0285,Shelter,LOC_015,Emergency,Unavailable
RES_0286,Food,LOC_077,Basic,Busy
RES_0287,Food,LOC_098,Emergency,Available
RES_0288,Food,LOC_090,Emergency,Busy
RES_0289,Communication,LOC_093,Specialized,Unavailable
RES_0290,Communication,LOC_043,Emergency,Available
RES_0291,Transport,LOC_043,Advanced,Available
RES_0292,Rescue,LOC_091,Advanced,Busy
RES_0293,Medical,LOC_019,Emergency,Unavailable
RES_0294,Food,LOC_056,General,Available
RES_0295,Communication,LOC_071,Specialized,Busy
RES_0296,Transport,LOC_035,Heavy,Busy
RES_0297,Communication,LOC_015,Advanced,Available
RES_0298,Transport,LOC_022,Heavy,Available
RES_0299,Shelter,LOC_019,General,Unavailable
RES_0300,Medical,LOC_007,Specialized,Busy
RES_0301,Food,LOC_042,General,Busy
RES_0302,Rescue,LOC_066,Specialized,Available
RES_0303,Shelter,LOC_092,Advanced,Busy
RES_0304,Communication,LOC_062,Emergency,Busy
RES_0305,Communication,LOC_047,Advanced,Busy
RES_0306,Transport,LOC_073,Specialized,Unavailable
RES_0307,Communication,LOC_007,General,Available
RES_0308,Rescue,LOC_008,Basic,Available
RES_0309,Rescue,LOC_028,Heavy,Busy
RES_0310,Shelter,LOC_009,Heavy,Unavailable
RES_0311,Communication,LOC_050,Heavy,Busy
RES_0312,Shelter,LOC_009,Heavy,Unavailable
RES_0313,Transport,LOC_063,Basic,Available
RES_0314,Shelter,LOC_068,Emergency,Busy
RES_0315,Rescue,LOC_092,Basic,Busy
RES_0316,Rescue,LOC_023,Specialized,Unavailable
RES_0317,Food,LOC_092,Emergency,Unavailable
RES_0318,Rescue,LOC_001,Heavy,Available
RES_0319,Transport,LOC_066,Specialized,Busy
RES_0320,Transport,LOC_095,Heavy,Unavailable
RES_0321,Shelter,LOC_029,General,Available
RES_0322,Communication,LOC_056,General,Unavailable
RES_0323,Transport,LOC_032,Specialized,Busy
RES_0324,Food,LOC_015,General,Unavailable
RES_0325,Medical,LOC_040,General,Available
RES_0326,Shelter,LOC_072,Emergency,Available
RES_0327,Food,LOC_074,Basic,Available
RES_0328,Transport,LOC_046,Specialized,Available
RES_0329,Communication,LOC_098,Basic,Available
RES_0330,Communication,LOC_098,Emergency,Unavailable
RES_0331,Communication,LOC_079,Advanced,Unavailable
RES_0332,Communication,LOC_009,Emergency,Busy
RES_0333,Food,LOC_076,General,Available
RES_0334,Rescue,LOC_093,General,Busy
RES_0335,Medical,LOC_054,Specialized,Busy
RES_0336,Medical,LOC_026,Specialized,Available
RES_0337,Shelter,LOC_086,Heavy,Busy
RES_0338,Transport,LOC_081,Specialized,Unavailable
RES_0339,Shelter,LOC_057,Specialized,Busy
RES_0340,Transport,LOC_056,Specialized,Busy
RES_0341,Communication,LOC_027,Advanced,Busy
RES_0342,Medical,LOC_078,Basic,Available
RES_0343,Communication,LOC_097,Basic,Available
RES_0344,Medical,LOC_095,Advanced,Available
RES_0345,Food,LOC_006,General,Busy
RES_0346,Communication,LOC_057,Advanced,Unavailable
RES_0347,Transport,LOC_040,Basic,Busy
RES_0348,Food,LOC_070,Heavy,Busy
RES_0349,Food,LOC_032,Advanced,Busy
RES_0350,Rescue,LOC_073,Heavy,Busy
RES_0351,Shelter,LOC_096,Specialized,Available
RES_0352,Food,LOC_040,Heavy,Available
RES_0353,Transport,LOC_050,Heavy,Available
RES_0354,Medical,LOC_037,Specialized,Unavailable
RES_0355,Communication,LOC_010,Advanced,Available
RES_0356,Medical,LOC_066,General,Available
RES_0357,Medical,LOC_046,General,Available
RES_0358,Shelter,LOC_010,Emergency,Unavailable
RES_0359,Medical,LOC_043,Basic,Available
RES_0360,Medical,LOC_026,Heavy,Unavailable
RES_0361,Shelter,LOC_080,Advanced,Available
RES_0362,Medical,LOC_070,General,Busy
RES_0363,Shelter,LOC_017,Specialized,Busy
RES_0364,Food,LOC_050,Advanced,Unavailable
RES_0365,Communication,LOC_081,Heavy,Available
RES_0366,Shelter,LOC_097,Heavy,Available
RES_0367,Shelter,LOC_065,General,Busy
RES_0368,Transport,LOC_022,Specialized,Unavailable
RES_0369,Food,LOC_023,Basic,Available
RES_0370,Communication,LOC_043,Heavy,Busy
RES_0371,Communication,LOC_051,Advanced,Unavailable
RES_0372,Transport,LOC_012,Basic,Available
RES_0373,Food,LOC_068,Specialized,Available
RES_0374,Rescue,LOC_047,Emergency,Busy
RES_0375,Food,LOC_053,Heavy,Available
RES_0376,Communication,LOC_055,Advanced,Unavailable
RES_0377,Shelter,LOC_100,General,Busy
RES_0378,Rescue,LOC_002,Emergency,Busy
RES_0379,Food,LOC_078,Advanced,Unavailable
RES_0380,Medical,LOC_089,Emergency,Available
RES_0381,Rescue,LOC_028,General,Unavailable
RES_0382,Shelter,LOC_084,Specialized,Busy
RES_0383,Shelter,LOC_051,Specialized,Unavailable
RES_0384,Shelter,LOC_085,Advanced,Busy
RES_0385,Transport,LOC_090,Advanced,Available
RES_0386,Food,LOC_067,Heavy,Busy
RES_0387,Rescue,LOC_050,Specialized,Available
RES_0388,Rescue,LOC_032,Advanced,Unavailable
RES_0389,Shelter,LOC_025,Basic,Busy
RES_0390,Food,LOC_055,Heavy,Available
RES_0391,Medical,LOC_014,Basic,Busy
RES_0392,Medical,LOC_065,Basic,Available
RES_0393,Transport,LOC_098,Advanced,Available
RES_0394,Medical,LOC_021,Emergency,Available
RES_0395,Rescue,LOC_060,Basic,Busy
RES_0396,Medical,LOC_053,Heavy,Busy
RES_0397,Communication,LOC_048,Heavy,Busy
RES_0398,Food,LOC_033,General,Available
RES_0399,Transport,LOC_016,Basic,Busy
RES_0400,Medical,LOC_060,General,Available
RES_0401,Shelter,LOC_055,Emergency,Available
RES_0402,Medical,LOC_076,Advanced,Available
RES_0403,Communication,LOC_073,Emergency,Busy
RES_0404,Rescue,LOC_045,Specialized,Unavailable
RES_0405,Shelter,LOC_075,Emergency,Unavailable
RES_0406,Communication,LOC_071,Basic,Available
RES_0407,Shelter,LOC_029,Heavy,Busy
RES_0408,Food,LOC_043,Emergency,Available
RES_0409,Communication,LOC_045,General,Unavailable
RES_0410,Communication,LOC_006,General,Unavailable
RES_0411,Shelter,LOC_053,Advanced,Available
RES_0412,Communication,LOC_025,Basic,Unavailable
RES_0413,Medical,LOC_090,Basic,Unavailable
RES_0414,Medical,LOC_006,Heavy,Busy
RES_0415,Communication,LOC_052,Emergency,Available
RES_0416,Medical,LOC_087,Specialized,Unavailable
RES_0417,Rescue,LOC_069,General,Busy
RES_0418,Food,LOC_011,Emergency,Unavailable
RES_0419,Transport,LOC_001,Emergency,Available
RES_0420,Rescue,LOC_098,Heavy,Unavailable
RES_0421,Medical,LOC_087,Emergency,Busy
RES_0422,Medical,LOC_053,General,Unavailable
RES_0423,Shelter,LOC_047,Basic,Unavailable
RES_0424,Rescue,LOC_068,Emergency,Unavailable
RES_0425,Shelter,LOC_027,Specialized,Busy
RES_0426,Food,LOC_011,Emergency,Available
RES_0427,Shelter,LOC_039,Specialized,Unavailable
RES_0428,Rescue,LOC_020,General,Busy
RES_0429,Transport,LOC_034,Specialized,Busy
RES_0430,Medical,LOC_012,Emergency,Unavailable
RES_0431,Communication,LOC_025,Emergency,Unavailable
RES_0432,Transport,LOC_036,Specialized,Unavailable
RES_0433,Medical,LOC_075,Advanced,Available
RES_0434,Transport,LOC_063,Emergency,Unavailable
RES_0435,Transport,LOC_036,Emergency,Unavailable
RES_0436,Medical,LOC_030,Advanced,Busy
RES_0437,Communication,LOC_052,Heavy,Unavailable
RES_0438,Communication,LOC_053,Basic,Available
RES_0439,Rescue,LOC_057,Heavy,Busy
RES_0440,Food,LOC_034,Basic,Busy
RES_0441,Medical,LOC_074,Emergency,Busy
RES_0442,Food,LOC_088,Heavy,Available
RES_0443,Communication,LOC_017,Basic,Available
RES_0444,Communication,LOC_004,Heavy,Busy
RES_0445,Communication,LOC_046,General,Busy
RES_0446,Communication,LOC_097,General,Unavailable
RES_0447,Rescue,LOC_054,Advanced,Unavailable
RES_0448,Medical,LOC_008,Basic,Unavailable
RES_0449,Communication,LOC_057,Advanced,Busy
RES_0450,Medical,LOC_058,Advanced,Available
RES_0451,Transport,LOC_094,Basic,Available
RES_0452,Communication,LOC_083,Heavy,Available
RES_0453,Food,LOC_052,Advanced,Unavailable
RES_0454,Transport,LOC_011,Basic,Busy
RES_0455,Food,LOC_041,Basic,Unavailable
RES_0456,Transport,LOC_099,General,Busy
RES_0457,Shelter,LOC_006,Advanced,Unavailable
RES_0458,Shelter,LOC_033,Advanced,Available
RES_0459,Transport,LOC_061,Basic,Available
RES_0460,Transport,LOC_096,Advanced,Available
RES_0461,Rescue,LOC_005,Specialized,Busy
RES_0462,Shelter,LOC_022,Basic,Available
RES_0463,Rescue,LOC_055,Specialized,Available
RES_0464,Communication,LOC_034,Advanced,Unavailable
RES_0465,Transport,LOC_083,Heavy,Busy
RES_0466,Communication,LOC_020,Emergency,Available
RES_0467,Rescue,LOC_019,Basic,Available
RES_0468,Medical,LOC_068,Basic,Busy
RES_0469,Shelter,LOC_095,Basic,Available
RES_0470,Shelter,LOC_003,Heavy,Busy
RES_0471,Food,LOC_018,Basic,Busy
RES_0472,Medical,LOC_027,Specialized,Unavailable
RES_0473,Medical,LOC_035,Basic,Busy
RES_0474,Food,LOC_076,Emergency,Available
RES_0475,Rescue,LOC_095,Emergency,Unavailable
RES_0476,Shelter,LOC_004,General,Unavailable
RES_0477,Food,LOC_059,Specialized,Available
RES_0478,Medical,LOC_098,Basic,Busy
RES_0479,Medical,LOC_082,Basic,Busy
RES_0480,Shelter,LOC_081,Specialized,Available
RES_0481,Food,LOC_042,Advanced,Unavailable
RES_0482,Transport,LOC_017,Advanced,Available
RES_0483,Food,LOC_058,Specialized,Available
RES_0484,Rescue,LOC_024,Basic,Busy
RES_0485,Transport,LOC_038,Specialized,Unavailable
RES_0486,Medical,LOC_022,Heavy,Unavailable
RES_0487,Communication,LOC_068,Heavy,Unavailable
RES_0488,Rescue,LOC_008,Emergency,Available
RES_0489,Rescue,LOC_019,Basic,Busy
RES_0490,Rescue,LOC_028,Advanced,Unavailable
RES_0491,Transport,LOC_048,Emergency,Unavailable
RES_0492,Communication,LOC_086,General,Busy
RES_0493,Rescue,LOC_070,Heavy,Busy
RES_0494,Food,LOC_014,Emergency,Available
RES_0495,Medical,LOC_064,General,Unavailable
RES_0496,Shelter,LOC_067,General,Busy
RES_0497,Transport,LOC_057,Specialized,Unavailable
RES_0498,Transport,LOC_064,Emergency,Available
RES_0499,Medical,LOC_031,Advanced,Available
RES_0500,Communication,LOC_022,Basic,Available
RES_0501,Shelter,LOC_024,Emergency,Busy
RES_0502,Communication,LOC_021,Heavy,Available
RES_0503,Rescue,LOC_006,Advanced,Available
RES_0504,Medical,LOC_089,Advanced,Busy
RES_0505,Shelter,LOC_021,Heavy,Busy
RES_0506,Shelter,LOC_046,Advanced,Available
RES_0507,Rescue,LOC_065,Heavy,Busy
RES_0508,Shelter,LOC_082,Advanced,Busy
RES_0509,Food,LOC_059,Heavy,Busy
RES_0510,Rescue,LOC_096,Specialized,Busy
RES_0511,Communication,LOC_079,Basic,Available
RES_0512,Food,LOC_002,Heavy,Unavailable
RES_0513,Rescue,LOC_060,General,Unavailable
RES_0514,Rescue,LOC_078,Basic,Busy
RES_0515,Communication,LOC_012,Specialized,Available
RES_0516,Communication,LOC_001,Advanced,Unavailable
RES_0517,Communication,LOC_049,Emergency,Busy
RES_0518,Communication,LOC_017,General,Available
RES_0519,Medical,LOC_022,Emergency,Busy
RES_0520,Food,LOC_070,Specialized,Unavailable
RES_0521,Shelter,LOC_079,Advanced,Busy
RES_0522,Communication,LOC_008,Basic,Available
RES_0523,Transport,LOC_079,Basic,Available
RES_0524,Medical,LOC_004,Advanced,Available
RES_0525,Transport,LOC_084,Emergency,Available
RES_0526,Shelter,LOC_098,Basic,Available
RES_0527,Rescue,LOC_047,General,Busy
RES_0528,Shelter,LOC_027,Emergency,Busy
RES_0529,Shelter,LOC_077,General,Busy
RES_0530,Rescue,LOC_038,Heavy,Busy
RES_0531,Rescue,LOC_051,Specialized,Unavailable
RES_0532,Communication,LOC_065,Advanced,Busy
RES_0533,Transport,LOC_004,Heavy,Busy
RES_0534,Transport,LOC_099,General,Unavailable
RES_0535,Medical,LOC_060,Heavy,Available
RES_0536,Transport,LOC_100,Basic,Available
RES_0537,Transport,LOC_048,Specialized,Busy
RES_0538,Food,LOC_023,Emergency,Available
RES_0539,Communication,LOC_064,General,Unavailable
RES_0540,Transport,LOC_093,Specialized,Unavailable
RES_0541,Medical,LOC_050,Emergency,Unavailable
RES_0542,Transport,LOC_032,Advanced,Busy
RES_0543,Transport,LOC_010,Advanced,Busy
RES_0544,Shelter,LOC_064,Basic,Unavailable
RES_0545,Shelter,LOC_082,Emergency,Available
RES_0546,Medical,LOC_076,General,Busy
RES_0547,Communication,LOC_043,Advanced,Available
RES_0548,Food,LOC_097,Specialized,Unavailable
RES_0549,Communication,LOC_057,Specialized,Busy
RES_0550,Medical,LOC_064,Emergency,Unavailable
RES_0551,Food,LOC_010,Specialized,Busy
RES_0552,Medical,LOC_055,General,Busy
RES_0553,Communication,LOC_042,Advanced,Unavailable
RES_0554,Shelter,LOC_019,Emergency,Available
RES_0555,Communication,LOC_001,Basic,Available
RES_0556,Rescue,LOC_011,Advanced,Unavailable
RES_0557,Shelter,LOC_031,Advanced,Busy
RES_0558,Communication,LOC_098,Specialized,Available
RES_0559,Medical,LOC_045,Advanced,Busy
RES_0560,Medical,LOC_081,Emergency,Busy
RES_0561,Transport,LOC_041,Basic,Busy
RES_0562,Rescue,LOC_044,Advanced,Available
RES_0563,Food,LOC_097,General,Unavailable
RES_0564,Rescue,LOC_036,Heavy,Available
RES_0565,Rescue,LOC_066,Advanced,Available
RES_0566,Communication,LOC_039,Basic,Available
RES_0567,Medical,LOC_035,Heavy,Busy
RES_0568,Shelter,LOC_002,Basic,Busy
RES_0569,Transport,LOC_058,Emergency,Busy
RES_0570,Rescue,LOC_029,Heavy,Unavailable
RES_0571,Transport,LOC_050,Emergency,Unavailable
RES_0572,Transport,LOC_044,Emergency,Busy
RES_0573,Food,LOC_052,General,Available
RES_0574,Medical,LOC_057,Specialized,Unavailable
RES_0575,Rescue,LOC_024,Basic,Busy
RES_0576,Shelter,LOC_039,Advanced,Available
RES_0577,Rescue,LOC_062,Heavy,Available
RES_0578,Rescue,LOC_100,Emergency,Busy
RES_0579,Medical,LOC_061,Basic,Unavailable
RES_0580,Transport,LOC_093,General,Busy
RES_0581,Food,LOC_090,Emergency,Available
RES_0582,Rescue,LOC_058,Advanced,Unavailable
RES_0583,Food,LOC_083,Basic,Unavailable
RES_0584,Food,LOC_044,Emergency,Available
RES_0585,Communication,LOC_096,Basic,Busy
RES_0586,Communication,LOC_090,Specialized,Unavailable
RES_0587,Rescue,LOC_008,Specialized,Available
RES_0588,Shelter,LOC_045,Emergency,Busy
RES_0589,Transport,LOC_056,Specialized,Available
RES_0590,Food,LOC_089,Basic,Available
RES_0591,Shelter,LOC_002,Heavy,Available
RES_0592,Medical,LOC_081,Heavy,Unavailable
RES_0593,Medical,LOC_081,Specialized,Unavailable
RES_0594,Rescue,LOC_080,Advanced,Available
RES_0595,Medical,LOC_052,Basic,Busy
RES_0596,Transport,LOC_094,Heavy,Unavailable
RES_0597,Rescue,LOC_067,Advanced,Busy
RES_0598,Medical,LOC_003,Heavy,Unavailable
RES_0599,Communication,LOC_031,Specialized,Unavailable
RES_0600,Shelter,LOC_059,Emergency,Unavailable
RES_0601,Transport,LOC_024,Specialized,Busy
RES_0602,Shelter,LOC_026,Basic,Busy
RES_0603,Shelter,LOC_089,Basic,Busy
RES_0604,Shelter,LOC_048,Specialized,Busy
RES_0605,Rescue,LOC_045,Advanced,Available
RES_0606,Transport,LOC_085,Basic,Unavailable
RES_0607,Communication,LOC_017,Basic,Busy
RES_0608,Food,LOC_081,Emergency,Unavailable
RES_0609,Rescue,LOC_100,Emergency,Busy
RES_0610,Communication,LOC_035,General,Busy
RES_0611,Medical,LOC_063,Specialized,Available
RES_0612,Medical,LOC_031,Emergency,Busy
RES_0613,Medical,LOC_065,Emergency,Available
RES_0614,Transport,LOC_091,Basic,Unavailable
RES_0615,Rescue,LOC_085,General,Available
RES_0616,Shelter,LOC_090,Specialized,Busy
RES_0617,Transport,LOC_099,Emergency,Busy
RES_0618,Medical,LOC_080,Emergency,Busy
RES_0619,Food,LOC_034,Emergency,Busy
RES_0620,Rescue,LOC_061,Advanced,Busy
RES_0621,Transport,LOC_092,Specialized,Available
RES_0622,Communication,LOC_099,Basic,Available
RES_0623,Medical,LOC_058,Advanced,Unavailable
RES_0624,Communication,LOC_007,Basic,Available
RES_0625,Medical,LOC_012,General,Available
RES_0626,Transport,LOC_076,Basic,Available
RES_0627,Food,LOC_072,Specialized,Available
RES_0628,Communication,LOC_002,Emergency,Unavailable
RES_0629,Medical,LOC_061,General,Busy
RES_0630,Rescue,LOC_032,Emergency,Available
RES_0631,Shelter,LOC_094,Basic,Busy
RES_0632,Rescue,LOC_064,General,Unavailable
RES_0633,Food,LOC_080,Advanced,Available
RES_0634,Food,LOC_072,Emergency,Busy
RES_0635,Communication,LOC_028,Basic,Unavailable
RES_0636,Shelter,LOC_056,General,Busy
RES_0637,Communication,LOC_005,Emergency,Available
RES_0638,Transport,LOC_084,Basic,Unavailable
RES_0639,Rescue,LOC_017,General,Unavailable
RES_0640,Rescue,LOC_038,Emergency,Unavailable
RES_0641,Communication,LOC_036,Basic,Busy
RES_0642,Transport,LOC_089,Specialized,Available
RES_0643,Communication,LOC_049,Heavy,Busy
RES_0644,Rescue,LOC_022,Emergency,Busy
RES_0645,Shelter,LOC_068,Emergency,Available
RES_0646,Shelter,LOC_007,General,Unavailable
RES_0647,Rescue,LOC_085,Heavy,Busy
RES_0648,Shelter,LOC_084,Basic,Unavailable
RES_0649,Medical,LOC_037,Specialized,Unavailable
RES_0650,Communication,LOC_022,Emergency,Busy
RES_0651,Communication,LOC_001,Specialized,Unavailable
RES_0652,Food,LOC_027,Specialized,Unavailable
RES_0653,Shelter,LOC_100,Advanced,Available
RES_0654,Transport,LOC_093,General,Busy
RES_0655,Food,LOC_050,Heavy,Busy
RES_0656,Food,LOC_024,Advanced,Unavailable
RES_0657,Transport,LOC_080,General,Unavailable
RES_0658,Rescue,LOC_005,Specialized,Busy
RES_0659,Food,LOC_001,Basic,Unavailable
RES_0660,Transport,LOC_071,Advanced,Unavailable
RES_0661,Rescue,LOC_051,General,Available
RES_0662,Communication,LOC_032,General,Available
RES_0663,Rescue,LOC_076,General,Available
RES_0664,Medical,LOC_042,Emergency,Available
RES_0665,Food,LOC_048,Basic,Busy
RES_0666,Rescue,LOC_019,Specialized,Unavailable
RES_0667,Transport,LOC_076,Specialized,Available
RES_0668,Shelter,LOC_093,Advanced,Busy
RES_0669,Medical,LOC_007,Emergency,Unavailable
RES_0670,Medical,LOC_009,General,Unavailable
RES_0671,Communication,LOC_006,Emergency,Available
RES_0672,Rescue,LOC_084,Specialized,Unavailable
RES_0673,Food,LOC_061,General,Unavailable
RES_0674,Rescue,LOC_085,Advanced,Available
RES_0675,Rescue,LOC_088,Basic,Busy
RES_0676,Food,LOC_080,Heavy,Busy
RES_0677,Food,LOC_023,Heavy,Busy
RES_0678,Food,LOC_096,Advanced,Busy
RES_0679,Communication,LOC_071,Heavy,Available
RES_0680,Communication,LOC_055,Specialized,Available
RES_0681,Rescue,LOC_059,Advanced,Available
RES_0682,Transport,LOC_038,Specialized,Busy
RES_0683,Medical,LOC_091,Specialized,Busy
RES_0684,Communication,LOC_001,Heavy,Available
RES_0685,Rescue,LOC_054,Emergency,Unavailable
RES_0686,Shelter,LOC_093,Basic,Unavailable
RES_0687,Rescue,LOC_048,Advanced,Available
RES_0688,Rescue,LOC_008,Emergency,Available
RES_0689,Rescue,LOC_058,Emergency,Unavailable
RES_0690,Food,LOC_001,Specialized,Busy
RES_0691,Rescue,LOC_010,General,Available
RES_0692,Food,LOC_060,Basic,Unavailable
RES_0693,Communication,LOC_018,Advanced,Available
RES_0694,Transport,LOC_055,Heavy,Available
RES_0695,Communication,LOC_045,Emergency,Available
RES_0696,Rescue,LOC_046,Advanced,Available
RES_0697,Food,LOC_033,Emergency,Unavailable
RES_0698,Food,LOC_083,Specialized,Busy
RES_0699,Transport,LOC_029,Advanced,Busy
RES_0700,Rescue,LOC_021,Emergency,Available
RES_0701,Medical,LOC_011,Advanced,Available
RES_0702,Medical,LOC_054,Basic,Available
RES_0703,Shelter,LOC_003,General,Unavailable
RES_0704,Shelter,LOC_013,General,Available
RES_0705,Communication,LOC_048,Specialized,Unavailable
RES_0706,Food,LOC_006,Specialized,Available
RES_0707,Rescue,LOC_061,Emergency,Available
RES_0708,Rescue,LOC_076,Advanced,Busy
RES_0709,Transport,LOC_012,General,Unavailable
RES_0710,Rescue,LOC_063,Heavy,Available
RES_0711,Transport,LOC_043,Specialized,Unavailable
RES_0712,Medical,LOC_037,Basic,Busy
RES_0713,Food,LOC_060,Heavy,Unavailable
RES_0714,Food,LOC_024,General,Available
RES_0715,Rescue,LOC_041,Basic,Available
RES_0716,Transport,LOC_071,Heavy,Busy
RES_0717,Food,LOC_046,Basic,Unavailable
RES_0718,Shelter,LOC_095,Heavy,Available
RES_0719,Communication,LOC_060,Basic,Busy
RES_0720,Shelter,LOC_020,Advanced,Busy
RES_0721,Food,LOC_010,Advanced,Available
RES_0722,Shelter,LOC_034,Heavy,Available
RES_0723,Transport,LOC_062,Advanced,Busy
RES_0724,Transport,LOC_003,General,Available
RES_0725,Food,LOC_010,General,Available
RES_0726,Transport,LOC_049,General,Busy
RES_0727,Rescue,LOC_066,General,Available
RES_0728,Transport,LOC_095,General,Unavailable
RES_0729,Food,LOC_079,Specialized,Available
RES_0730,Rescue,LOC_021,Emergency,Busy
RES_0731,Transport,LOC_074,Basic,Busy
RES_0732,Communication,LOC_089,Heavy,Unavailable
RES_0733,Transport,LOC_061,Advanced,Available
RES_0734,Rescue,LOC_017,Emergency,Busy
RES_0735,Shelter,LOC_042,Basic,Unavailable
RES_0736,Rescue,LOC_055,Specialized,Available
RES_0737,Food,LOC_004,Advanced,Available
RES_0738,Food,LOC_025,Specialized,Available
RES_0739,Shelter,LOC_085,Basic,Available
RES_0740,Medical,LOC_092,Advanced,Available
RES_0741,Medical,LOC_050,Heavy,Available
RES_0742,Rescue,LOC_007,Emergency,Busy
RES_0743,Food,LOC_095,Basic,Available
RES_0744,Transport,LOC_079,Basic,Unavailable
RES_0745,Shelter,LOC_044,Basic,Unavailable
RES_0746,Rescue,LOC_013,Basic,Available
RES_0747,Rescue,LOC_032,Basic,Available
RES_0748,Rescue,LOC_076,General,Available
RES_0749,Medical,LOC_067,Specialized,Available
RES_0750,Medical,LOC_077,Heavy,Busy
RES_0751,Transport,LOC_037,General,Available
RES_0752,Communication,LOC_049,Heavy,Available
RES_0753,Food,LOC_022,Basic,Busy
RES_0754,Rescue,LOC_024,General,Available
RES_0755,Rescue,LOC_089,General,Unavailable
RES_0756,Medical,LOC_060,Specialized,Unavailable
RES_0757,Food,LOC_064,Emergency,Busy
RES_0758,Medical,LOC_030,Emergency,Unavailable
RES_0759,Transport,LOC_029,General,Available
RES_0760,Rescue,LOC_004,Emergency,Busy
RES_0761,Food,LOC_031,Emergency,Unavailable
RES_0762,Communication,LOC_043,Emergency,Busy
RES_0763,Food,LOC_064,General,Unavailable
RES_0764,Medical,LOC_064,General,Unavailable
RES_0765,Rescue,LOC_035,Heavy,Busy
RES_0766,Shelter,LOC_026,Advanced,Available
RES_0767,Communication,LOC_004,Advanced,Available
RES_0768,Rescue,LOC_044,Specialized,Unavailable
RES_0769,Communication,LOC_072,General,Unavailable
RES_0770,Transport,LOC_027,Specialized,Busy
RES_0771,Food,LOC_079,General,Busy
RES_0772,Food,LOC_065,General,Unavailable
RES_0773,Medical,LOC_089,Emergency,Available
RES_0774,Food,LOC_005,Emergency,Busy
RES_0775,Shelter,LOC_083,Emergency,Unavailable
RES_0776,Food,LOC_039,General,Busy
RES_0777,Transport,LOC_059,Advanced,Unavailable
RES_0778,Food,LOC_002,Emergency,Available
RES_0779,Rescue,LOC_071,Specialized,Busy
RES_0780,Medical,LOC_034,Specialized,Busy
RES_0781,Medical,LOC_051,Basic,Busy
RES_0782,Food,LOC_060,General,Busy
RES_0783,Food,LOC_004,Advanced,Available
RES_0784,Communication,LOC_011,Specialized,Unavailable
RES_0785,Communication,LOC_081,Heavy,Available
RES_0786,Shelter,LOC_061,Specialized,Busy
RES_0787,Transport,LOC_087,Basic,Busy
RES_0788,Shelter,LOC_048,Specialized,Available
RES_0789,Shelter,LOC_062,Heavy,Busy
RES_0790,Rescue,LOC_061,Advanced,Unavailable
RES_0791,Transport,LOC_045,Advanced,Unavailable
RES_0792,Shelter,LOC_069,Heavy,Available
RES_0793,Rescue,LOC_011,General,Available
RES_0794,Communication,LOC_023,Specialized,Unavailable
RES_0795,Rescue,LOC_088,Advanced,Busy
RES_0796,Shelter,LOC_073,Heavy,Busy
RES_0797,Medical,LOC_005,General,Busy
RES_0798,Food,LOC_087,Heavy,Busy
RES_0799,Communication,LOC_040,General,Available
RES_0800,Rescue,LOC_024,Heavy,Busy
RES_0801,Medical,LOC_062,Specialized,Busy
RES_0802,Food,LOC_057,Heavy,Available
RES_0803,Medical,LOC_097,Advanced,Unavailable
RES_0804,Food,LOC_100,Specialized,Unavailable
RES_0805,Medical,LOC_009,Emergency,Available
RES_0806,Shelter,LOC_065,Advanced,Unavailable
RES_0807,Transport,LOC_079,Basic,Available
RES_0808,Transport,LOC_094,Advanced,Busy
RES_0809,Rescue,LOC_001,Basic,Unavailable
RES_0810,Shelter,LOC_095,Advanced,Unavailable
RES_0811,Medical,LOC_027,Advanced,Available
RES_0812,Medical,LOC_036,Emergency,Available
RES_0813,Food,LOC_041,Advanced,Unavailable
RES_0814,Medical,LOC_067,Emergency,Busy
RES_0815,Medical,LOC_075,Basic,Unavailable
RES_0816,Rescue,LOC_089,General,Available
RES_0817,Communication,LOC_013,Specialized,Unavailable
RES_0818,Food,LOC_082,Basic,Busy
RES_0819,Shelter,LOC_037,General,Unavailable
RES_0820,Rescue,LOC_023,General,Busy
RES_0821,Medical,LOC_032,Specialized,Available
RES_0822,Medical,LOC_005,Specialized,Available
RES_0823,Food,LOC_050,Emergency,Busy
RES_0824,Rescue,LOC_043,Specialized,Available
RES_0825,Food,LOC_015,Specialized,Unavailable
RES_0826,Medical,LOC_012,Emergency,Available
RES_0827,Transport,LOC_027,Specialized,Unavailable
RES_0828,Communication,LOC_046,Heavy,Unavailable
RES_0829,Communication,LOC_073,Advanced,Unavailable
RES_0830,Communication,LOC_062,Heavy,Available
RES_0831,Food,LOC_052,Specialized,Available
RES_0832,Shelter,LOC_098,Heavy,Busy
RES_0833,Rescue,LOC_019,Heavy,Available
RES_0834,Medical,LOC_054,Heavy,Busy
RES_0835,Communication,LOC_048,Basic,Unavailable
RES_0836,Communication,LOC_096,Basic,Unavailable
RES_0837,Medical,LOC_051,Emergency,Busy
RES_0838,Shelter,LOC_064,Specialized,Unavailable
RES_0839,Food,LOC_065,Specialized,Available
RES_0840,Food,LOC_055,Specialized,Unavailable
RES_0841,Communication,LOC_025,Heavy,Unavailable
RES_0842,Communication,LOC_051,Basic,Unavailable
RES_0843,Shelter,LOC_032,General,Available
RES_0844,Rescue,LOC_015,Basic,Unavailable
RES_0845,Communication,LOC_080,Heavy,Unavailable
RES_0846,Transport,LOC_015,Heavy,Unavailable
RES_0847,Communication,LOC_085,Basic,Available
RES_0848,Food,LOC_053,General,Unavailable
RES_0849,Medical,LOC_025,Emergency,Available
RES_0850,Rescue,LOC_013,Heavy,Available
RES_0851,Communication,LOC_028,Specialized,Unavailable
RES_0852,Medical,LOC_094,Specialized,Unavailable
RES_0853,Communication,LOC_054,General,Unavailable
RES_0854,Medical,LOC_020,Heavy,Available
RES_0855,Rescue,LOC_036,Emergency,Available
RES_0856,Rescue,LOC_027,General,Busy
RES_0857,Medical,LOC_088,Advanced,Unavailable
RES_0858,Shelter,LOC_076,Specialized,Busy
RES_0859,Shelter,LOC_020,Emergency,Busy
RES_0860,Food,LOC_050,Emergency,Busy
RES_0861,Medical,LOC_007,Specialized,Available
RES_0862,Shelter,LOC_065,General,Available
RES_0863,Medical,LOC_088,Specialized,Busy
RES_0864,Medical,LOC_032,General,Available
RES_0865,Medical,LOC_056,Basic,Unavailable
RES_0866,Rescue,LOC_090,Basic,Unavailable
RES_0867,Communication,LOC_055,Advanced,Unavailable
RES_0868,Food,LOC_034,Specialized,Busy
RES_0869,Shelter,LOC_086,Advanced,Available
RES_0870,Medical,LOC_020,Specialized,Available
RES_0871,Medical,LOC_079,General,Available
RES_0872,Communication,LOC_057,Emergency,Available
RES_0873,Communication,LOC_003,Basic,Unavailable
RES_0874,Food,LOC_032,Heavy,Unavailable
RES_0875,Medical,LOC_040,Specialized,Unavailable
RES_0876,Food,LOC_021,Specialized,Unavailable
RES_0877,Transport,LOC_003,Advanced,Busy
RES_0878,Medical,LOC_057,Advanced,Unavailable
RES_0879,Food,LOC_010,Emergency,Unavailable
RES_0880,Communication,LOC_003,Heavy,Available
RES_0881,Food,LOC_069,General,Busy
RES_0882,Shelter,LOC_089,Heavy,Busy
RES_0883,Transport,LOC_079,Heavy,Busy
RES_0884,Transport,LOC_067,Basic,Unavailable
RES_0885,Medical,LOC_084,Heavy,Busy
RES_0886,Medical,LOC_007,Specialized,Busy
RES_0887,Rescue,LOC_031,Advanced,Unavailable
RES_0888,Rescue,LOC_012,Heavy,Unavailable
RES_0889,Transport,LOC_004,Emergency,Busy
RES_0890,Communication,LOC_031,Basic,Available
RES_0891,Shelter,LOC_033,Specialized,Unavailable
RES_0892,Rescue,LOC_004,Advanced,Busy
RES_0893,Food,LOC_031,Basic,Available
RES_0894,Medical,LOC_100,Specialized,Available
RES_0895,Medical,LOC_090,Emergency,Unavailable
RES_0896,Transport,LOC_032,Emergency,Unavailable
RES_0897,Medical,LOC_022,Heavy,Unavailable
RES_0898,Transport,LOC_041,Basic,Unavailable
RES_0899,Medical,LOC_066,Specialized,Busy
RES_0900,Food,LOC_096,Emergency,Unavailable
RES_0901,Transport,LOC_042,Emergency,Unavailable
RES_0902,Communication,LOC_013,Specialized,Busy
RES_0903,Rescue,LOC_053,Specialized,Available
RES_0904,Transport,LOC_062,Specialized,Unavailable
RES_0905,Communication,LOC_076,Emergency,Busy
RES_0906,Medical,LOC_030,Heavy,Unavailable
RES_0907,Transport,LOC_082,Advanced,Busy
RES_0908,Medical,LOC_032,Specialized,Available
RES_0909,Transport,LOC_076,Specialized,Busy
RES_0910,Rescue,LOC_096,General,Busy
RES_0911,Medical,LOC_025,Heavy,Busy
RES_0912,Communication,LOC_061,General,Busy
RES_0913,Communication,LOC_053,Emergency,Unavailable
RES_0914,Communication,LOC_013,Emergency,Available
RES_0915,Food,LOC_022,Specialized,Unavailable
RES_0916,Transport,LOC_099,Advanced,Unavailable
RES_0917,Communication,LOC_039,Specialized,Available
RES_0918,Food,LOC_097,Specialized,Busy
RES_0919,Food,LOC_086,Heavy,Available
RES_0920,Communication,LOC_016,Emergency,Unavailable
RES_0921,Rescue,LOC_055,Specialized,Busy
RES_0922,Medical,LOC_092,Specialized,Unavailable
RES_0923,Transport,LOC_020,General,Available
RES_0924,Transport,LOC_024,Basic,Available
RES_0925,Communication,LOC_063,Basic,Busy
RES_0926,Food,LOC_068,Advanced,Busy
RES_0927,Medical,LOC_036,Emergency,Busy
RES_0928,Shelter,LOC_084,Specialized,Unavailable
RES_0929,Medical,LOC_024,Heavy,Available
RES_0930,Communication,LOC_099,Advanced,Available
RES_0931,Shelter,LOC_012,Advanced,Busy
RES_0932,Communication,LOC_052,Basic,Unavailable
RES_0933,Transport,LOC_078,Emergency,Unavailable
RES_0934,Food,LOC_049,Heavy,Available
RES_0935,Shelter,LOC_079,Heavy,Available
RES_0936,Medical,LOC_075,Specialized,Busy
RES_0937,Medical,LOC_084,Specialized,Busy
RES_0938,Rescue,LOC_097,General,Busy
RES_0939,Shelter,LOC_043,Emergency,Unavailable
RES_0940,Communication,LOC_069,Basic,Unavailable
RES_0941,Rescue,LOC_042,Emergency,Busy
RES_0942,Medical,LOC_034,Basic,Unavailable
RES_0943,Communication,LOC_035,Emergency,Busy
RES_0944,Food,LOC_070,General,Busy
RES_0945,Rescue,LOC_007,Specialized,Busy
RES_0946,Rescue,LOC_082,Heavy,Available
RES_0947,Transport,LOC_049,Specialized,Busy
RES_0948,Food,LOC_042,General,Busy
RES_0949,Rescue,LOC_072,General,Available
RES_0950,Rescue,LOC_063,Specialized,Busy
RES_0951,Communication,LOC_040,Specialized,Available
RES_0952,Communication,LOC_086,Advanced,Busy
RES_0953,Medical,LOC_006,Basic,Available
RES_0954,Medical,LOC_005,Basic,Available
RES_0955,Rescue,LOC_045,Specialized,Busy
RES_0956,Food,LOC_100,Specialized,Unavailable
RES_0957,Medical,LOC_040,Basic,Busy
RES_0958,Food,LOC_083,Emergency,Available
RES_0959,Shelter,LOC_042,Advanced,Available
RES_0960,Shelter,LOC_041,Heavy,Available
RES_0961,Food,LOC_012,Specialized,Busy
RES_0962,Communication,LOC_061,Emergency,Busy
RES_0963,Medical,LOC_016,Specialized,Available
RES_0964,Transport,LOC_012,Heavy,Unavailable
RES_0965,Shelter,LOC_061,Heavy,Busy
RES_0966,Rescue,LOC_029,Advanced,Available
RES_0967,Communication,LOC_084,Basic,Busy
RES_0968,Transport,LOC_041,General,Available
RES_0969,Rescue,LOC_066,Heavy,Busy
RES_0970,Rescue,LOC_023,Specialized,Unavailable
RES_0971,Transport,LOC_079,Emergency,Available
RES_0972,Medical,LOC_072,Basic,Available
RES_0973,Communication,LOC_005,Emergency,Available
RES_0974,Shelter,LOC_049,Heavy,Unavailable
RES_0975,Transport,LOC_025,Basic,Busy
RES_0976,Medical,LOC_088,Advanced,Available
RES_0977,Food,LOC_083,Specialized,Unavailable
RES_0978,Rescue,LOC_010,Specialized,Busy
RES_0979,Shelter,LOC_079,Advanced,Available
RES_0980,Food,LOC_066,Emergency,Unavailable
RES_0981,Shelter,LOC_053,Emergency,Busy
RES_0982,Communication,LOC_035,Advanced,Unavailable
RES_0983,Medical,LOC_046,Heavy,Busy
RES_0984,Food,LOC_037,Advanced,Busy
RES_0985,Transport,LOC_072,Specialized,Busy
RES_0986,Transport,LOC_009,Emergency,Unavailable
RES_0987,Medical,LOC_036,Advanced,Unavailable
RES_0988,Food,LOC_093,Emergency,Busy
RES_0989,Communication,LOC_088,Specialized,Available
RES_0990,Medical,LOC_065,Advanced,Busy
RES_0991,Food,LOC_071,Basic,Unavailable
RES_0992,Food,LOC_088,Basic,Available
RES_0993,Medical,LOC_054,Specialized,Unavailable
RES_0994,Rescue,LOC_038,Basic,Unavailable
RES_0995,Rescue,LOC_076,Heavy,Busy
RES_0996,Rescue,LOC_076,General,Unavailable
RES_0997,Communication,LOC_065,Emergency,Available
RES_0998,Rescue,LOC_081,General,Available
RES_0999,Communication,LOC_009,Emergency,Busy
RES_1000,Rescue,LOC_038,Basic,Busy
